trackName,lyric_line,lyric_full
免死金牌,"['多少年後過的挺壞 多少欠了沒還的愛 多少人呢 有開始 沒後來', '所有扛不住的我來 扮給外人看的 左胡鬧 右瞎掰 可以 我摸摸鼻子 我滾開', '快給我救命的免死金牌 對抗這蠻橫的該死未來 快樂的痛 不想當孤單廢物去忍耐', '忘記了身分的免死金牌 身受重傷的我人畜無害 大雨和悶酒 不含淚才奇怪', '多虧我還持有免死金牌 連這種瘋狂都自己去挨 災後的慫 不想要再弄清楚的黑白', '放棄了身上的免死金牌 如同中槍太久心也停擺 答應妳分手 不對也不意外', '多虧我還持有免死金牌 連這種瘋狂都自己去挨 災後的慫 不想要再弄清楚的黑白', '放棄了身上的免死金牌 如同中槍太久心也停擺 要命的自由 不完美的悲哀']",多少年後過的挺壞，多少欠了沒還的愛，多少人呢，有開始，沒後來。所有扛不住的我來，扮給外人看的，左胡鬧，右瞎掰，可以，我摸摸鼻子，我滾開。快給我救命的免死金牌，對抗這蠻橫的該死未來，快樂的痛，不想當孤單廢物去忍耐。忘記了身分的免死金牌，身受重傷的我人畜無害，大雨和悶酒，不含淚才奇怪。多虧我還持有免死金牌，連這種瘋狂都自己去挨，災後的慫，不想要再弄清楚的黑白。放棄了身上的免死金牌，如同中槍太久心也停擺，答應妳分手，不對也不意外。多虧我還持有免死金牌，連這種瘋狂都自己去挨，災後的慫，不想要再弄清楚的黑白。放棄了身上的免死金牌，如同中槍太久心也停擺，要命的自由，不完美的悲哀
修羅,"['活在煉獄的修羅 準備好解開了枷鎖 善與惡在和現實拉扯爭奪   根本沒在躲 沒你想像那麼壞 也沒你想像那麼好 為何卻要被無知風向上了銬', '任何時間 任何一天 早就厭倦 別給虛偽的恩惠         不是與生俱來的命 像個戰士一般', '曾經站在高處 也在山下打滾無數 在深淵感到無助 看清所有骯髒事物 看看我這廢物 撥開眼前迷霧 小人物也可以站得住 開拓自己的路', '不解釋 不代表 就要被定罪 新的塗料 新的好貨 新的']",活在煉獄的修羅，準備好解開了枷鎖，善與惡在和現實拉扯爭奪，根本沒在躲，沒你想像那麼壞，也沒你想像那麼好，為何卻要被無知風向上了銬。任何時間，任何一天，早就厭倦，別給虛偽的恩惠，不是與生俱來的命，像個戰士一般。曾經站在高處，也在山下打滾無數，在深淵感到無助，看清所有骯髒事物，看看我這廢物，撥開眼前迷霧，小人物也可以站得住，開拓自己的路。不解釋，不代表，就要被定罪，新的塗料，新的好貨，新的
TRAP GAME,"['叢林的玫瑰 誘人帶著殺傷力 偽裝成鬼魅 著迷又有點神秘', '隱藏好你的行蹤 別曝露你的懦弱 眼前的獵物我蓄勢待發 敏銳直覺無限放大', '我要上場請你不要緊張   別想探聽我所有新的計畫  從零 開始  要狂炸', '隱藏好你的行蹤 別曝露你的懦弱 眼前的獵物我蓄勢待發 敏銳直覺無限放大', '當獅子開始發號施令 別來干擾我的決定', '隱藏好你的行蹤 別曝露你的懦弱 眼前的獵物我蓄勢待發 敏銳直覺無限放大']",叢林的玫瑰，誘人帶著殺傷力，偽裝成鬼魅，著迷又有點神秘。隱藏好你的行蹤，別曝露你的懦弱，眼前的獵物我蓄勢待發，敏銳直覺無限放大。我要上場請你不要緊張，別想探聽我所有新的計畫，從零，開始，要狂炸。隱藏好你的行蹤，別曝露你的懦弱，眼前的獵物我蓄勢待發，敏銳直覺無限放大。當獅子開始發號施令，別來干擾我的決定。隱藏好你的行蹤，別曝露你的懦弱，眼前的獵物我蓄勢待發，敏銳直覺無限放大
帥一個,"['今天有幾間媒體全部出來面對 還有幾個會議想要把時間拖累 下個通告路上又被人群給包圍 光聽快門聲就分辨是哪台單眼', '帥一個帥一個帥一個帥一個 每個動作 下一個下一個下一個下一個 隨你捕捉', '一個打十個不足以形容我的意念 帥在每個細節根本不分日夜', '帥一個 新的裝備跟不上我進度 帥一個 全身上下都是焦點被人追逐 帥一個 解開束縛無視既定的套路 帥一個 二十四小時保持全神貫注', '帥一個帥一個帥一個帥一個 每個  笑一個笑一個笑一個笑一個', '開著跑車慢速慢慢經過你的面前 要你知道我撐了幾年才有今天']",今天有幾間媒體全部出來面對，還有幾個會議想要把時間拖累，下個通告路上又被人群給包圍，光聽快門聲就分辨是哪台單眼。帥一個帥一個帥一個帥一個，每個動作，下一個下一個下一個下一個，隨你捕捉。一個打十個不足以形容我的意念，帥在每個細節根本不分日夜。帥一個，新的裝備跟不上我進度，帥一個，全身上下都是焦點被人追逐，帥一個，解開束縛無視既定的套路，帥一個，二十四小時保持全神貫注。帥一個帥一個帥一個帥一個，每個，笑一個笑一個笑一個笑一個。開著跑車慢速慢慢經過你的面前，要你知道我撐了幾年才有今天
不逃,"['感到失落 深怕再次敗退    即便那是  不想下陷 必須跳躍 巴掌打響 那些不實謠言     別鳥那阻擋 當你獨大 獨步像是武當 就算輸怕  或被辱罵 反轉輸家 逆風局將觸發', '太多威脅 一路上迎面了多少危險 就算傷口滴著血 這過程我背著水  背著累  背著罪 太多威脅 一路上迎面了多少危險       寧願不逃不接受不改變', '從這立下起點 直接撐到極限        從這立下起點 直接撐到極限', '別鳥那阻擋 當你獨大 獨步像是武當 就算輸怕  或是辱罵 反轉輸家 逆風局將觸發', '太多威脅 一路上迎面了多少危險 就算傷口滴著血 這過程我背著水  背著累  背著罪 太多威脅 一路上迎面了多少危險', '說不退就是不退', '沒有恐懼能夠侷限  前往成功                    恐懼不再能夠侷限  前往成功']",感到失落，深怕再次敗退，即便那是，不想下陷，必須跳躍，巴掌打響，那些不實謠言，別鳥那阻擋，當你獨大，獨步像是武當，就算輸怕，或被辱罵，反轉輸家，逆風局將觸發。太多威脅，一路上迎面了多少危險，就算傷口滴著血，這過程我背著水，背著累，背著罪，太多威脅，一路上迎面了多少危險，寧願不逃不接受不改變。從這立下起點，直接撐到極限，從這立下起點，直接撐到極限。別鳥那阻擋，當你獨大，獨步像是武當，就算輸怕，或是辱罵，反轉輸家，逆風局將觸發。太多威脅，一路上迎面了多少危險，就算傷口滴著血，這過程我背著水，背著累，背著罪，太多威脅，一路上迎面了多少危險。說不退就是不退。沒有恐懼能夠侷限，前往成功，恐懼不再能夠侷限，前往成功
Birthday,"['不在乎極限 炫付出一切         手逆天 無止境的 無止境的', '不在乎極限 炫付出一切', '是否和我對味 音箱低音炸出   這桌上的酒瓶它身上是黑桃', '今夜點燃燭光讓我和你對口吹 讓我能感受到你對我撕心裂肺 把所有煩惱 廢了 廢了 廢了   過去不好的回憶 沒了 沒了 沒了  放開跳進那舞池        今天主角是誰 廢話 是我 出力 出力', '不在乎極限 炫付出一切         手逆天 無止境的 無止境的', '不在乎極限 炫付出一切', '不要再問我累不累 香檳煙火噴柱 來敲杯 誰能站到最後    點燃那燭光讓我對口吹 刺激的秘密全部 這個點痛快點沸騰點 全場狂野   不計代價 超時也不屑']",不在乎極限，炫付出一切，手逆天，無止境的，無止境的。不在乎極限，炫付出一切。是否和我對味，音箱低音炸出，這桌上的酒瓶它身上是黑桃。今夜點燃燭光讓我和你對口吹，讓我能感受到你對我撕心裂肺，把所有煩惱，廢了，廢了，廢了，過去不好的回憶，沒了，沒了，沒了，放開跳進那舞池，今天主角是誰，廢話，是我，出力，出力。不在乎極限，炫付出一切，手逆天，無止境的，無止境的。不在乎極限，炫付出一切。不要再問我累不累，香檳煙火噴柱，來敲杯，誰能站到最後，點燃那燭光讓我對口吹，刺激的秘密全部，這個點痛快點沸騰點，全場狂野，不計代價，超時也不屑
羅志祥,"['留了個微笑快遞給我 把我帶進空前的傳說 你就像一顆流星墜落 內心的平靜驚出蓬勃', '泛起的漣漪赴湯蹈火 可你卻不食人間煙火 這個世界 究竟誰會愛我 剛好是你的話 就再也不用為愛奔波', '我只想和你 唱最動人的歌曲 我只想為你 心碎卻如此著迷 我只想和你 在柔軟海灘散步 留下排的很長很長的腳印', '我只想和你 傾聽綻放的聲音 我只想和你 在最美的年華相遇 哪怕是虛度光陰 就算與時間為敵 與世界背離 一起向時光盡頭燃盡', '我只想和你 唱最動人的歌曲 我只想為你 心碎卻如此著迷 我只想和你 在柔軟的海灘散步 留下排的很長很長的腳印', '我只想和你 傾聽綻放的聲音 我只想和你 在最美的年華相遇 哪怕是虛度光陰 就算與時間為敵 與世界背離 一起向時光盡頭燃盡', '我只想和你 唱最動人的歌曲 我只想為你 心碎卻如此著迷 我只想和你 在柔軟的海灘散步 留下排的很長很長的腳印', '我只想和你 傾聽綻放的聲音 我只想和你 在最美的年華相遇 哪怕是虛度光陰 就算與時間為敵 與世界背離 一起向時光盡頭燃盡']",留了個微笑快遞給我，把我帶進空前的傳說，你就像一顆流星墜落，內心的平靜驚出蓬勃。泛起的漣漪赴湯蹈火，可你卻不食人間煙火，這個世界，究竟誰會愛我，剛好是你的話，就再也不用為愛奔波。我只想和你，唱最動人的歌曲，我只想為你，心碎卻如此著迷，我只想和你，在柔軟海灘散步，留下排的很長很長的腳印。我只想和你，傾聽綻放的聲音，我只想和你，在最美的年華相遇，哪怕是虛度光陰，就算與時間為敵，與世界背離，一起向時光盡頭燃盡。我只想和你，唱最動人的歌曲，我只想為你，心碎卻如此著迷，我只想和你，在柔軟的海灘散步，留下排的很長很長的腳印。我只想和你，傾聽綻放的聲音，我只想和你，在最美的年華相遇，哪怕是虛度光陰，就算與時間為敵，與世界背離，一起向時光盡頭燃盡。我只想和你，唱最動人的歌曲，我只想為你，心碎卻如此著迷，我只想和你，在柔軟的海灘散步，留下排的很長很長的腳印。我只想和你，傾聽綻放的聲音，我只想和你，在最美的年華相遇，哪怕是虛度光陰，就算與時間為敵，與世界背離，一起向時光盡頭燃盡
No Love,"['笑得很自然的表情 是你最致命的武器 你做得完全不費吹灰之力 說愛情最好是遊戲 太認真你嫌太無趣 敢不敢陪你就當玩玩而已', '這樣的關係   不是沒關係 我們在一起 不在一起 不能太在意 最後結局', '我失去抵抗的能力 就算愛你是咎由自取             我沒辦法更加清醒 就算很可能傷害自己', '越想從你的身邊抽離 越發現愛得身不由己', '你習慣躺在我懷裡 然後承認另有目的 我卻不介意 下次靠近 反而抱得更緊', '這樣的關係  不是沒關係 我們在一起 不在一起 不能太在意 最後結局', '我失去抵抗的能力 就算愛你是咎由自取             我沒辦法更加清醒 就算很可能傷害自己', '沒有結果的算不算愛情 沒有愛情的算不算曾經', '面對你就無能為力 我的愛讓你不問自取             我知道不能放縱你 卻說服不了身體力行', '越想把一切當作遊戲 越發現愛得太過沉迷']",笑得很自然的表情，是你最致命的武器，你做得完全不費吹灰之力，說愛情最好是遊戲，太認真你嫌太無趣，敢不敢陪你就當玩玩而已。這樣的關係，不是沒關係，我們在一起，不在一起，不能太在意，最後結局。我失去抵抗的能力，就算愛你是咎由自取，我沒辦法更加清醒，就算很可能傷害自己。越想從你的身邊抽離，越發現愛得身不由己。你習慣躺在我懷裡，然後承認另有目的，我卻不介意，下次靠近，反而抱得更緊。這樣的關係，不是沒關係，我們在一起，不在一起，不能太在意，最後結局。我失去抵抗的能力，就算愛你是咎由自取，我沒辦法更加清醒，就算很可能傷害自己。沒有結果的算不算愛情，沒有愛情的算不算曾經。面對你就無能為力，我的愛讓你不問自取，我知道不能放縱你，卻說服不了身體力行。越想把一切當作遊戲，越發現愛得太過沉迷
NO JOKE,"['我言語不打太極 案例多的不勝枚舉', '突襲 前進 招集 著力 必須走起立竿見影 虛無 泡影 絕不成立 不樹敵 沈住氣 成助力']",我言語不打太極，案例多的不勝枚舉。突襲，前進，招集，著力，必須走起立竿見影，虛無，泡影，絕不成立，不樹敵，沈住氣，成助力
男人的事(& 黃渤 & 王迅 & 黃磊 & 張藝興 & 孫紅雷),"['成人的世界 難免偶爾讓人不耐煩 沒事找事 黃渤:也得折騰出來點波瀾', '這世界難我卻從未黯淡 每個男人都要懂得承擔 天空海闊 我們抬頭並肩往前走 你若要我兄弟為難 我就跟你沒完', '這世界難我卻並不孤單 有你們在沒有什麼難辦 我不怕苦 也永遠不會說後悔 只要我們在一塊兒 沒有什麼過不去的坎兒 過不去的坎兒', '一起來', '這世界難我卻從未黯淡 每個男人都要懂得承擔 天空海闊 我們抬頭並肩往前走 你若要我兄弟為難 我就跟你沒完', '這世界難我卻並不孤單 有你們在沒有什麼難辦 我不怕苦 也永遠不會說後悔 只要我們在一塊兒 沒有什麼過不去的坎兒', '這世界難我卻從未黯淡 每個男人都要懂得承擔 天空海闊 我們抬頭並肩往前走 你若要我兄弟為難 我就跟你沒完', '這世界難我卻並不孤單 有你們在 沒有什麼難辦 我不怕苦 也永遠不會說後悔 只要我們在一塊兒 沒有什麼過不去的坎兒 過不去的坎兒', '世上的事有什麼難 世上的事沒什麼難 世上的事有什麼難 這就是命']",成人的世界，難免偶爾讓人不耐煩，沒事找事，黃渤:也得折騰出來點波瀾。這世界難我卻從未黯淡，每個男人都要懂得承擔，天空海闊，我們抬頭並肩往前走，你若要我兄弟為難，我就跟你沒完。這世界難我卻並不孤單，有你們在沒有什麼難辦，我不怕苦，也永遠不會說後悔，只要我們在一塊兒，沒有什麼過不去的坎兒，過不去的坎兒。一起來。這世界難我卻從未黯淡，每個男人都要懂得承擔，天空海闊，我們抬頭並肩往前走，你若要我兄弟為難，我就跟你沒完。這世界難我卻並不孤單，有你們在沒有什麼難辦，我不怕苦，也永遠不會說後悔，只要我們在一塊兒，沒有什麼過不去的坎兒。這世界難我卻從未黯淡，每個男人都要懂得承擔，天空海闊，我們抬頭並肩往前走，你若要我兄弟為難，我就跟你沒完。這世界難我卻並不孤單，有你們在，沒有什麼難辦，我不怕苦，也永遠不會說後悔，只要我們在一塊兒，沒有什麼過不去的坎兒，過不去的坎兒。世上的事有什麼難，世上的事沒什麼難，世上的事有什麼難，這就是命
夠了,"['大眾話的小說都不用線索 很多嘴天天都塞滿砲火 製造紛亂當幽默 只是看圖想太多 雞蛋挑骨頭', '誰又 愛無中生有 聽說 再推給夢遊 你 瞎啦 醉啦 扯吧 奇葩 吧啦吧啦吧啦吧啦你不累嗎', '時間沒有那麼多 怎麼你都沒事做 只敢在暗處放火 夠了     以前明嗆容易躲 現在按鍵難捉摸 你思想停在侏羅', '夠了', '什麼態度 難相處 只會用嘴劍劃幸福 下什麼蠱 跟著人盲目 吃土 糊塗 下肚 誰先扮豬 吃老虎 蹦 送你的 禮物 現在 開始 倒數 讓你 心服 口服', '不相信 不需要 道聽塗說 嗆 真人秀 哪些真 哪些胡說  裝可憐 扮無辜 有人拍手 是觀眾也是兇手', '別讓愛褪色 別對恨飢渴 似是而非只是一線之隔', '夠了 像是 你在我身邊下的毒 不去 管誰咆哮我的態度 夠了']",大眾話的小說都不用線索，很多嘴天天都塞滿砲火，製造紛亂當幽默，只是看圖想太多，雞蛋挑骨頭。誰又，愛無中生有，聽說，再推給夢遊，你，瞎啦，醉啦，扯吧，奇葩，吧啦吧啦吧啦吧啦你不累嗎。時間沒有那麼多，怎麼你都沒事做，只敢在暗處放火，夠了，以前明嗆容易躲，現在按鍵難捉摸，你思想停在侏羅。夠了。什麼態度，難相處，只會用嘴劍劃幸福，下什麼蠱，跟著人盲目，吃土，糊塗，下肚，誰先扮豬，吃老虎，蹦，送你的，禮物，現在，開始，倒數，讓你，心服，口服。不相信，不需要，道聽塗說，嗆，真人秀，哪些真，哪些胡說，裝可憐，扮無辜，有人拍手，是觀眾也是兇手。別讓愛褪色，別對恨飢渴，似是而非只是一線之隔。夠了，像是，你在我身邊下的毒，不去，管誰咆哮我的態度，夠了
無聲的失控,"['原來妳對我的愛是謊 愛是謊 殘酷的謊 原來妳早就在他身旁 原來妳一直在隱藏 妳的表情太無害 他的劇本太精彩 是我自己太失敗 妳的背影已離開 我的故事已崩壞 關了燈出局淘汰', '我好想愛妳 卻愛不到 我好想忘記 卻忘不掉 我好想恨妳 卻恨不了 愛變成最烈的毒藥', '我多痛沒有人懂 悲傷啃食我臉孔 不敢拉住你回頭 無聲的失控 痛了又痛 多痛 沒有人懂 好多情緒在暴動 孤獨到快要發瘋', '原來說好的都被遺忘 被遺忘 輕易的忘 原來心變了防不勝防 原來我白愛了一場 妳的表情太無害 他的劇本太精彩 是我自己太失敗 妳的背影已離開 我的故事已崩壞 關了燈出局淘汰', '我好想愛妳 卻愛不到 我好想忘記 卻忘不掉 我好想恨妳 卻恨不了 愛變成最烈的毒藥', '我好想愛妳 卻愛不到 我好想恨妳 卻恨不了 愛變成最烈的毒藥', '一幕一幕的愛 割著回憶 刺著腦海 悲哀 多希望妳會感概 一切都已回不來', '我多痛沒有人懂 我的悲傷啃食我臉孔 不敢拉住你回頭 無聲的失控 痛了又痛 多痛 沒有人懂 好多情緒在暴動 孤獨到快要發瘋', '我好想愛妳 卻愛不到 我好想忘記 卻忘不掉']",原來妳對我的愛是謊，愛是謊，殘酷的謊，原來妳早就在他身旁，原來妳一直在隱藏，妳的表情太無害，他的劇本太精彩，是我自己太失敗，妳的背影已離開，我的故事已崩壞，關了燈出局淘汰。我好想愛妳，卻愛不到，我好想忘記，卻忘不掉，我好想恨妳，卻恨不了，愛變成最烈的毒藥。我多痛沒有人懂，悲傷啃食我臉孔，不敢拉住你回頭，無聲的失控，痛了又痛，多痛，沒有人懂，好多情緒在暴動，孤獨到快要發瘋。原來說好的都被遺忘，被遺忘，輕易的忘，原來心變了防不勝防，原來我白愛了一場，妳的表情太無害，他的劇本太精彩，是我自己太失敗，妳的背影已離開，我的故事已崩壞，關了燈出局淘汰。我好想愛妳，卻愛不到，我好想忘記，卻忘不掉，我好想恨妳，卻恨不了，愛變成最烈的毒藥。我好想愛妳，卻愛不到，我好想恨妳，卻恨不了，愛變成最烈的毒藥。一幕一幕的愛，割著回憶，刺著腦海，悲哀，多希望妳會感概，一切都已回不來。我多痛沒有人懂，我的悲傷啃食我臉孔，不敢拉住你回頭，無聲的失控，痛了又痛，多痛，沒有人懂，好多情緒在暴動，孤獨到快要發瘋。我好想愛妳，卻愛不到，我好想忘記，卻忘不掉
致命傷,"['想 一起編織的夢想 越想 胸口就越像被人用針 狠狠的扎 才說地久天長 突然連夜逃亡', '傻 所以什麼都不怕 好傻 驕傲的我們互不退讓 從沒想過 會落得兩敗俱傷的下場', '學鋼鐵倔強 卻有致命傷 我沒辦法 不去管 不去想 你失望眼光 再拚一場 轟轟烈烈再陣亡 總好過你不在我身旁', '我沒那麼強 你是致命傷 請教教我 怎麼放 怎麼忘 扯漫天大謊 幫我一個忙 朝我心臟開一槍 我就有藉口 睜著眼把愛埋葬', '學鋼鐵倔強 卻有致命傷 我沒辦法 不去管 不去想 你失望眼光 再拚一場 轟轟烈烈再陣亡 總好過你不在我身旁', '我沒那麼強 你是致命傷 請教教我 怎麼放 怎麼忘 扯漫天大謊 幫我一個忙 朝我心臟開一槍 我就有藉口 睜著眼把愛埋葬', '我越掙扎 越瘋狂 越妄想 抱你在胸膛 我犯的錯 就用一輩子賠償 我不會奢望你能原諒', '我沒那麼強 你是致命傷 請教教我 怎麼闖 怎麼搶 能讓你回航 最後一個吻 當作心碎的獎賞 我就有力量 一個人裝瘋賣傻']",想，一起編織的夢想，越想，胸口就越像被人用針，狠狠的扎，才說地久天長，突然連夜逃亡。傻，所以什麼都不怕，好傻，驕傲的我們互不退讓，從沒想過，會落得兩敗俱傷的下場。學鋼鐵倔強，卻有致命傷，我沒辦法，不去管，不去想，你失望眼光，再拚一場，轟轟烈烈再陣亡，總好過你不在我身旁。我沒那麼強，你是致命傷，請教教我，怎麼放，怎麼忘，扯漫天大謊，幫我一個忙，朝我心臟開一槍，我就有藉口，睜著眼把愛埋葬。學鋼鐵倔強，卻有致命傷，我沒辦法，不去管，不去想，你失望眼光，再拚一場，轟轟烈烈再陣亡，總好過你不在我身旁。我沒那麼強，你是致命傷，請教教我，怎麼放，怎麼忘，扯漫天大謊，幫我一個忙，朝我心臟開一槍，我就有藉口，睜著眼把愛埋葬。我越掙扎，越瘋狂，越妄想，抱你在胸膛，我犯的錯，就用一輩子賠償，我不會奢望你能原諒。我沒那麼強，你是致命傷，請教教我，怎麼闖，怎麼搶，能讓你回航，最後一個吻，當作心碎的獎賞，我就有力量，一個人裝瘋賣傻
幸福特調(& 秀智),"['我已無可救藥的愛上妳 想要把全世界都給妳 包括我懷裏最浪漫的真心 還有我存摺裏的', '愛你 愛你 是我所做過 最對的事情 我可以給你一輩子的時間 讓你證明              想陪著你變胖 陪著你變老 用幸福特調 家的味道 真愛的味道', '是你噓寒問暖的愛著我 把我的話都放在心底 喜歡你為我準備好的永遠 包括一個溫暖的屋頂', '愛妳愛妳還想要一個 像妳的 有一個好男人正在 等妳 說妳願意              想陪著妳變胖 陪著妳變老 用幸福特調 家的味道 我的愛 是情歌 是鑽戒 是門票 邀請妳去天荒地老', '因為你知道 怎樣對我最好 用幸福特調 真愛的味道 我要說我愛你 我要說사랑해     我要說', '想陪著你變胖 陪著你變老 用幸福特調 家的味道', '想陪著你變胖 陪著你變老 用幸福特調 家的味道', '我的愛 是情歌 是鑽戒 是門票 邀請妳去天荒地老', '因為我知道 怎樣對你最好 要用幸福特調 真愛的味道']",我已無可救藥的愛上妳，想要把全世界都給妳，包括我懷裏最浪漫的真心，還有我存摺裏的。愛你，愛你，是我所做過，最對的事情，我可以給你一輩子的時間，讓你證明，想陪著你變胖，陪著你變老，用幸福特調，家的味道，真愛的味道。是你噓寒問暖的愛著我，把我的話都放在心底，喜歡你為我準備好的永遠，包括一個溫暖的屋頂。愛妳愛妳還想要一個，像妳的，有一個好男人正在，等妳，說妳願意，想陪著妳變胖，陪著妳變老，用幸福特調，家的味道，我的愛，是情歌，是鑽戒，是門票，邀請妳去天荒地老。因為你知道，怎樣對我最好，用幸福特調，真愛的味道，我要說我愛你，我要說사랑해，我要說。想陪著你變胖，陪著你變老，用幸福特調，家的味道。想陪著你變胖，陪著你變老，用幸福特調，家的味道。我的愛，是情歌，是鑽戒，是門票，邀請妳去天荒地老。因為我知道，怎樣對你最好，要用幸福特調，真愛的味道
說真話的朋友,"['聽人們說時間是賊 我們被偷走幾歲 回頭看看 你有沒有 後悔', '想起自己多麼愚昧 吞下了多少淚水 誰的青春 沒有幾次 狼狽', '我們都不是 學不會擁抱的刺猬 爭吵是因為 不懂得虛偽 犯不著為了 小小衝突無言以對 黑白與是非 比不上 友誼萬萬歲', '你是個說真話的朋友 一開口就不會保留 跟我一樣衝動 固執得不要人懂', '我有個說真話的朋友 心裡非常富有 頭髮斑白時候 頑石終於點頭 變的溫柔', '聽人們說時間是賊 我們被偷走幾歲 回頭看看 你有沒有 後悔', '我們都不是 學不會擁抱的刺猬 爭吵是因為 不懂得虛偽 犯不著為了 小小衝突無言以對 黑白與是非 比不上 友誼萬萬歲', '你是個說真話的朋友 一開口就不會保留 跟我一樣衝動 固執得不要人懂', '我有個說真話的朋友 心裡非常富有 頭髮斑白時候 頑石終於點頭 變的溫柔', '你是個說真話的朋友 一開口就不會保留 跟我一樣衝動 固執得不要人懂', '我有個說真話的朋友 心裡非常富有 頭髮斑白時候 頑石終於點頭 變的溫柔']",聽人們說時間是賊，我們被偷走幾歲，回頭看看，你有沒有，後悔。想起自己多麼愚昧，吞下了多少淚水，誰的青春，沒有幾次，狼狽。我們都不是，學不會擁抱的刺猬，爭吵是因為，不懂得虛偽，犯不著為了，小小衝突無言以對，黑白與是非，比不上，友誼萬萬歲。你是個說真話的朋友，一開口就不會保留，跟我一樣衝動，固執得不要人懂。我有個說真話的朋友，心裡非常富有，頭髮斑白時候，頑石終於點頭，變的溫柔。聽人們說時間是賊，我們被偷走幾歲，回頭看看，你有沒有，後悔。我們都不是，學不會擁抱的刺猬，爭吵是因為，不懂得虛偽，犯不著為了，小小衝突無言以對，黑白與是非，比不上，友誼萬萬歲。你是個說真話的朋友，一開口就不會保留，跟我一樣衝動，固執得不要人懂。我有個說真話的朋友，心裡非常富有，頭髮斑白時候，頑石終於點頭，變的溫柔。你是個說真話的朋友，一開口就不會保留，跟我一樣衝動，固執得不要人懂。我有個說真話的朋友，心裡非常富有，頭髮斑白時候，頑石終於點頭，變的溫柔
從愛發落,"['沒錯 我欠你愛的債 從愛發落不用還 溫柔崇拜 任性耍賴 值得你慷慨 你欠我愛的債 再也離不開  沒有辦法 誰叫你需要我的愛', '我 甜言蜜語不會說 最愛看你又出糗 聽到你飽滿怒吼 精神多抖擻 你 說你始終搞不懂 竟然自己不識貨 天下男人那麼多 偏偏選中我', '誰最需要我 不解釋 誰最想念我 不掩飾 撒嬌耍賴 對愛多固執 誰最怕寂寞 不解釋 傻的是 一輩子 用來比賽誰比誰幼稚', '沒錯 我欠你愛的債 從愛發落不用還 溫柔崇拜 任性耍賴 值得你慷慨 你欠我愛的債 再也離不開  沒有辦法 誰叫你需要我的愛', '我最需要誰 不解釋 我最想念誰 不掩飾 灑脫是我 生存的方式 我最愛什麼 不解釋 傻的是 一輩子 用來爭相同的一件事', '沒錯 我欠你愛的債 從愛發落不用還 溫柔崇拜 任性耍賴 值得你慷慨 你欠我愛的債 再也離不開  沒有辦法 誰叫你需要我的愛', '活該 你欠我愛的債 從愛發落不用還 眼淚太酸 寂寞太壞 怪我太浪漫 我欠你愛的債 再也離不開  沒有辦法 誰叫你就是我的愛']",沒錯，我欠你愛的債，從愛發落不用還，溫柔崇拜，任性耍賴，值得你慷慨，你欠我愛的債，再也離不開，沒有辦法，誰叫你需要我的愛。我，甜言蜜語不會說，最愛看你又出糗，聽到你飽滿怒吼，精神多抖擻，你，說你始終搞不懂，竟然自己不識貨，天下男人那麼多，偏偏選中我。誰最需要我，不解釋，誰最想念我，不掩飾，撒嬌耍賴，對愛多固執，誰最怕寂寞，不解釋，傻的是，一輩子，用來比賽誰比誰幼稚。沒錯，我欠你愛的債，從愛發落不用還，溫柔崇拜，任性耍賴，值得你慷慨，你欠我愛的債，再也離不開，沒有辦法，誰叫你需要我的愛。我最需要誰，不解釋，我最想念誰，不掩飾，灑脫是我，生存的方式，我最愛什麼，不解釋，傻的是，一輩子，用來爭相同的一件事。沒錯，我欠你愛的債，從愛發落不用還，溫柔崇拜，任性耍賴，值得你慷慨，你欠我愛的債，再也離不開，沒有辦法，誰叫你需要我的愛。活該，你欠我愛的債，從愛發落不用還，眼淚太酸，寂寞太壞，怪我太浪漫，我欠你愛的債，再也離不開，沒有辦法，誰叫你就是我的愛
Bad Girl,"['鋪天蓋地的線索  缺關鍵的拼湊 是愛還是陷阱  解惑卻被捕獲 你是冰山或艷火  我替你都反駁 冰敷我舊傷口  重新點燃溫柔', '帶我奔向高空  享受瞬間的墜落 用冷與熱的交鋒  激活愛對流 你笑容越無邪  理智就越失控 每根神經被你  拴緊後再挑動', '你給我寂寞和自由  你給我快樂和心痛  痛  痛 我做你聽話的野獸  咬緊你再也不肯走  走  走', '磨練我  進化我 摸透我  解放我 做你  聽話的野獸 磨練我  擁抱我 摸透我  感受我', '肆無忌憚地縱容  那是我的光榮 我們互相包容  讓心跳震耳欲聾 越難掌握越琢磨  越想ㄍㄧㄥ到結果 就越沒有藉口  不為你建造王國']",鋪天蓋地的線索，缺關鍵的拼湊，是愛還是陷阱，解惑卻被捕獲，你是冰山或艷火，我替你都反駁，冰敷我舊傷口，重新點燃溫柔。帶我奔向高空，享受瞬間的墜落，用冷與熱的交鋒，激活愛對流，你笑容越無邪，理智就越失控，每根神經被你，拴緊後再挑動。你給我寂寞和自由，你給我快樂和心痛，痛，痛，我做你聽話的野獸，咬緊你再也不肯走，走，走。磨練我，進化我，摸透我，解放我，做你，聽話的野獸，磨練我，擁抱我，摸透我，感受我。肆無忌憚地縱容，那是我的光榮，我們互相包容，讓心跳震耳欲聾，越難掌握越琢磨，越想ㄍㄧㄥ到結果，就越沒有藉口，不為你建造王國
從愛發落,"['沒錯 我欠你愛的債 從愛發落不用還 溫柔崇拜 任性耍賴 值得你慷慨 你欠我愛的債 再也離不開  沒有辦法 誰叫你需要我的愛', '我 甜言蜜語不會說 最愛看你又出糗 聽到你飽滿怒吼 精神多抖擻 你 說你始終搞不懂 竟然自己不識貨 天下男人那麼多 偏偏選中我', '誰最需要我 不解釋 誰最想念我 不掩飾 撒嬌耍賴 對愛多固執 誰最怕寂寞 不解釋 傻的是 一輩子 用來比賽誰比誰幼稚', '沒錯 我欠你愛的債 從愛發落不用還 溫柔崇拜 任性耍賴 值得你慷慨 你欠我愛的債 再也離不開  沒有辦法 誰叫你需要我的愛', '我最需要誰 不解釋 我最想念誰 不掩飾 灑脫是我 生存的方式 我最愛什麼 不解釋 傻的是 一輩子 用來爭相同的一件事', '沒錯 我欠你愛的債 從愛發落不用還 溫柔崇拜 任性耍賴 值得你慷慨 你欠我愛的債 再也離不開  沒有辦法 誰叫你需要我的愛', '活該 你欠我愛的債 從愛發落不用還 眼淚太酸 寂寞太壞 怪我太浪漫 我欠你愛的債 再也離不開  沒有辦法 誰叫你就是我的愛']",沒錯，我欠你愛的債，從愛發落不用還，溫柔崇拜，任性耍賴，值得你慷慨，你欠我愛的債，再也離不開，沒有辦法，誰叫你需要我的愛。我，甜言蜜語不會說，最愛看你又出糗，聽到你飽滿怒吼，精神多抖擻，你，說你始終搞不懂，竟然自己不識貨，天下男人那麼多，偏偏選中我。誰最需要我，不解釋，誰最想念我，不掩飾，撒嬌耍賴，對愛多固執，誰最怕寂寞，不解釋，傻的是，一輩子，用來比賽誰比誰幼稚。沒錯，我欠你愛的債，從愛發落不用還，溫柔崇拜，任性耍賴，值得你慷慨，你欠我愛的債，再也離不開，沒有辦法，誰叫你需要我的愛。我最需要誰，不解釋，我最想念誰，不掩飾，灑脫是我，生存的方式，我最愛什麼，不解釋，傻的是，一輩子，用來爭相同的一件事。沒錯，我欠你愛的債，從愛發落不用還，溫柔崇拜，任性耍賴，值得你慷慨，你欠我愛的債，再也離不開，沒有辦法，誰叫你需要我的愛。活該，你欠我愛的債，從愛發落不用還，眼淚太酸，寂寞太壞，怪我太浪漫，我欠你愛的債，再也離不開，沒有辦法，誰叫你就是我的愛
愛投羅網,"['故事從妳跟我擦身而過那一刻 就開啟了 沒有退縮 妳的眼神想透露些什麼卻又像 欲擒故縱 我期待著', '穿過了人群全世界瞬間靜止 不動 妳盯著我超長的睫毛阻擋了 電流 我用我的招牌笑容吸引妳超美麗的瞳孔', '我的呼吸 傳遞一波波的熱情 像暴風般逼近 妳的嘴型 充滿致命的吸引力 對我強烈電擊 對我強烈電擊 對我強烈電擊 對我強烈電擊 對我強烈電擊', '愛投羅網鎖定妳   為妳佈滿了陷阱   愛太閃就戴墨鏡', '故事從妳跟我擦身而過那一刻 就開啟了 沒有退縮 妳的眼神想透露些什麼卻又像 欲擒故縱 我期待著', '穿過了人群全世界瞬間靜止 不動 妳盯著我超長的睫毛阻擋了 電流 我用我的招牌笑容吸引妳超美麗的瞳孔', '愛投羅網鎖定妳   發動浪漫總攻擊   交出妳性感武器', '找了蠱 下了毒 對妳還要一點不經意的照顧 挖洞 等妳不經意的掉入 我倒數 妳的眼睛充滿了電力 一個眨眼就讓我滅頂 我不擔心 對妳著迷 只怕妳對我的愛上癮', '我的呼吸 傳遞一波波的熱情 像暴風般逼近 妳的嘴型 充滿致命的吸引力 對我強烈電擊 對我強烈電擊 對我強烈電擊 對我強烈電擊 對我強烈電擊', '愛投羅網鎖定你          發動浪漫總攻擊          交出你性感武器']",故事從妳跟我擦身而過那一刻，就開啟了，沒有退縮，妳的眼神想透露些什麼卻又像，欲擒故縱，我期待著。穿過了人群全世界瞬間靜止，不動，妳盯著我超長的睫毛阻擋了，電流，我用我的招牌笑容吸引妳超美麗的瞳孔。我的呼吸，傳遞一波波的熱情，像暴風般逼近，妳的嘴型，充滿致命的吸引力，對我強烈電擊，對我強烈電擊，對我強烈電擊，對我強烈電擊，對我強烈電擊。愛投羅網鎖定妳，為妳佈滿了陷阱，愛太閃就戴墨鏡。故事從妳跟我擦身而過那一刻，就開啟了，沒有退縮，妳的眼神想透露些什麼卻又像，欲擒故縱，我期待著。穿過了人群全世界瞬間靜止，不動，妳盯著我超長的睫毛阻擋了，電流，我用我的招牌笑容吸引妳超美麗的瞳孔。愛投羅網鎖定妳，發動浪漫總攻擊，交出妳性感武器。找了蠱，下了毒，對妳還要一點不經意的照顧，挖洞，等妳不經意的掉入，我倒數，妳的眼睛充滿了電力，一個眨眼就讓我滅頂，我不擔心，對妳著迷，只怕妳對我的愛上癮。我的呼吸，傳遞一波波的熱情，像暴風般逼近，妳的嘴型，充滿致命的吸引力，對我強烈電擊，對我強烈電擊，對我強烈電擊，對我強烈電擊，對我強烈電擊。愛投羅網鎖定你，發動浪漫總攻擊，交出你性感武器
愛騙我,"['久違的陽光讓我們相約在巷口 以為會讓愛暖和 心卻像寒冬 因為你 看著我 瞳孔裡卻不是我', '你的謊言不斷割傷我的雙手 讓我無法再次擁抱你入我懷中 痛很深 傷很重 我的自尊已失蹤', '別再說你有多愛我 不要再言不由衷 編織的理由 不要再讓愛 騙我', '我真的沒有 我不習慣喊痛    我真的沒有 沉默不是縱容          我不想看你演戲的節奏                   承諾從沒讓我因你欺騙而退縮 但天知道轉過身我的心在顫抖 盲目的愛到最後終究自作自受', '我不再幻想當你膩了自由以後 你的夜晚太美麗也不專屬於我 愛累了 不做夢 我的傷口已斑駁', '別再說你有多愛我 不要再言不由衷 編織的理由 不要再讓愛 騙我', '承認吧 我們的頻率不同 不要將錯就錯', '反覆著互相折磨 抱著我 想的卻不是我', '別再讓疑問變成反諷 還不如 擁有各自天空 算了吧 就讓我走 不想 再為了 你害怕寂寞', '我看著鏡子裡的我卻沒有笑容 為什麼又是我一個人繼續傷心淚流 對我的甜言蜜語是否也對他一樣的動作 你走吧 我不想為你傷心難過']",久違的陽光讓我們相約在巷口，以為會讓愛暖和，心卻像寒冬，因為你，看著我，瞳孔裡卻不是我。你的謊言不斷割傷我的雙手，讓我無法再次擁抱你入我懷中，痛很深，傷很重，我的自尊已失蹤。別再說你有多愛我，不要再言不由衷，編織的理由，不要再讓愛，騙我。我真的沒有，我不習慣喊痛，我真的沒有，沉默不是縱容，我不想看你演戲的節奏，承諾從沒讓我因你欺騙而退縮，但天知道轉過身我的心在顫抖，盲目的愛到最後終究自作自受。我不再幻想當你膩了自由以後，你的夜晚太美麗也不專屬於我，愛累了，不做夢，我的傷口已斑駁。別再說你有多愛我，不要再言不由衷，編織的理由，不要再讓愛，騙我。承認吧，我們的頻率不同，不要將錯就錯。反覆著互相折磨，抱著我，想的卻不是我。別再讓疑問變成反諷，還不如，擁有各自天空，算了吧，就讓我走，不想，再為了，你害怕寂寞。我看著鏡子裡的我卻沒有笑容，為什麼又是我一個人繼續傷心淚流，對我的甜言蜜語是否也對他一樣的動作，你走吧，我不想為你傷心難過
未完的承諾,"['我一直都覺得時間還很多 今天沒有為妳做的等明天再說 忘了抓緊妳的手當我回頭 幸福就像我指尖不知不覺放飛的氣球', '這算什麼 不能保護妳的我有什麼用 妳害不害怕妳寂寞不寂寞', '我的胸口很痛我怎麼會把妳搞丟 妳微笑的對我的信任的表情還在我心中 我瘋狂的祈求完成我未完成的承諾 因為我愛妳我想妳我要妳再愛我', '我的天空下著雪我的夢想破了洞 我拚命的呼喊妳名字消失在風中', '我的胸口很痛我怎麼會把妳搞丟 妳微笑地對我的信任的表情還在我心中 我瘋狂的祈求完成我未完成的承諾 因為我愛妳我想妳我要妳再愛我', '給我一個機會重新再來過 想要妳再回到我身邊跟我有始有終', '我的胸口很痛我怎麼會把妳搞丟 我的肩膀很重我扛著未完的承諾 我自責的懺悔的愧疚的繼續尋找妳影蹤 想再牽著妳的手不在乎代價是什麼 因為我愛妳我想妳我要妳 因為我愛妳我想妳我要妳再愛我']",我一直都覺得時間還很多，今天沒有為妳做的等明天再說，忘了抓緊妳的手當我回頭，幸福就像我指尖不知不覺放飛的氣球。這算什麼，不能保護妳的我有什麼用，妳害不害怕妳寂寞不寂寞。我的胸口很痛我怎麼會把妳搞丟，妳微笑的對我的信任的表情還在我心中，我瘋狂的祈求完成我未完成的承諾，因為我愛妳我想妳我要妳再愛我。我的天空下著雪我的夢想破了洞，我拚命的呼喊妳名字消失在風中。我的胸口很痛我怎麼會把妳搞丟，妳微笑地對我的信任的表情還在我心中，我瘋狂的祈求完成我未完成的承諾，因為我愛妳我想妳我要妳再愛我。給我一個機會重新再來過，想要妳再回到我身邊跟我有始有終。我的胸口很痛我怎麼會把妳搞丟，我的肩膀很重我扛著未完的承諾，我自責的懺悔的愧疚的繼續尋找妳影蹤，想再牽著妳的手不在乎代價是什麼，因為我愛妳我想妳我要妳，因為我愛妳我想妳我要妳再愛我
惜命命,"['這條歌要送乎你聽 我請你驚究聽 我用心計較沒眠沒日寫的這條歌', '這首 將愛說出口 牽手 要牽你的手 手牽手 請答應我 別放手 要隨時牽手陪你直到白頭', '這條歌要送乎你聽 我不知道 妳聽完甘會了解我的心情   你的笑容和眼神 你的一切我攏ㄟ惜命命 因為你 害我心肝碰碰跳', '這款感覺酸甘甜 愛的世界霓虹燈 希望未來 會當 一起一輩子 我ㄟ為你擋風颱 希望你ㄟ盪了解 我的心 我的愛 你知不知', '你緊對我走 麥擱站在那 我永遠置這 什麼都不用驚有我當你的靠山', '這款感覺酸甘甜 愛的世界霓虹燈 希望未來 會當 一起一輩子 我ㄟ為你擋風颱 希望你ㄟ盪了解 我的心 我的愛 你知不知', '你緊對我走 麥擱站在那 我永遠置這 什麼都不用驚有我當你的靠山', '你緊對我走 麥擱站在那 我永遠置這 什麼都不用驚有我當你的靠山', '這條歌乎你聽 用心來唱希望妳知影 滿腹心裡話 我對天來發誓 發誓ㄟ對你 惜命命', '你緊對我走 麥擱站在那 我永遠置這 什麼都不用驚有我當你的靠山', '你緊對我走 麥擱站在那 我永遠置這 你是我的生命永遠和你作伴', '這條歌欲送吼你聽 哇請你斟酌聽 我用心計較無暝無日寫ㄟ這條歌 這首 將愛說出口 牽手 要牽你的手國語', '手牽手國語  請答應我國語  別放手國語 要隨時牽手陪你直到白頭國語', '這條歌欲送吼你聽 哇毋知影 你聽完敢會了解哇ㄟ心情   你笑容尬眼神 你的一切 哇攏ㄟ惜命命 因為你 害哇心肝咧噗噗跳', '這款感覺酸甘甜 愛ㄟ世界霓虹燈 希望未來 ㄟ當 斗陣一世人 哇ㄟ為你擋風颱 希望你ㄟ當了解 哇ㄟ心 哇ㄟ愛 你知毋知', '你緊對哇行  麥閣企佇遐  哇永遠低遮 啥密攏毋驚有我做你ㄟ靠山  你緊對哇行  麥閣企佇遐  哇永遠低遮 啥密攏毋驚有哇做你ㄟ靠山', '這款感覺酸甘甜 愛ㄟ世界霓虹燈 希望未來 ㄟ當 斗陣一世人 哇ㄟ為你擋風颱 希望你ㄟ當了解 哇ㄟ心 哇ㄟ愛 你知毋知', '你緊對哇行  麥閣企佇遐  哇永遠佇遮 啥密攏毋驚有我做你ㄟ靠山  你緊對哇行  麥閣企佇遐  哇永遠佇遮 啥密攏毋驚有我做你ㄟ靠山', '這條歌吼你聽 用心來唱希望你知影 滿腹心裡話 哇對天來咒誓 咒誓 ㄟ對你 惜命命', '你緊對哇行  麥閣企佇遐  哇永遠佇遮 啥密攏毋驚有我做你ㄟ靠山  你緊對哇行  麥閣企佇遐  哇永遠佇遮 你是哇ㄟ性命永遠尬你做伴']",這條歌要送乎你聽，我請你驚究聽，我用心計較沒眠沒日寫的這條歌。這首，將愛說出口，牽手，要牽你的手，手牽手，請答應我，別放手，要隨時牽手陪你直到白頭。這條歌要送乎你聽，我不知道，妳聽完甘會了解我的心情，你的笑容和眼神，你的一切我攏ㄟ惜命命，因為你，害我心肝碰碰跳。這款感覺酸甘甜，愛的世界霓虹燈，希望未來，會當，一起一輩子，我ㄟ為你擋風颱，希望你ㄟ盪了解，我的心，我的愛，你知不知。你緊對我走，麥擱站在那，我永遠置這，什麼都不用驚有我當你的靠山。這款感覺酸甘甜，愛的世界霓虹燈，希望未來，會當，一起一輩子，我ㄟ為你擋風颱，希望你ㄟ盪了解，我的心，我的愛，你知不知。你緊對我走，麥擱站在那，我永遠置這，什麼都不用驚有我當你的靠山。你緊對我走，麥擱站在那，我永遠置這，什麼都不用驚有我當你的靠山。這條歌乎你聽，用心來唱希望妳知影，滿腹心裡話，我對天來發誓，發誓ㄟ對你，惜命命。你緊對我走，麥擱站在那，我永遠置這，什麼都不用驚有我當你的靠山。你緊對我走，麥擱站在那，我永遠置這，你是我的生命永遠和你作伴。這條歌欲送吼你聽，哇請你斟酌聽，我用心計較無暝無日寫ㄟ這條歌，這首，將愛說出口，牽手，要牽你的手國語。手牽手國語，請答應我國語，別放手國語，要隨時牽手陪你直到白頭國語。這條歌欲送吼你聽，哇毋知影，你聽完敢會了解哇ㄟ心情，你笑容尬眼神，你的一切，哇攏ㄟ惜命命，因為你，害哇心肝咧噗噗跳。這款感覺酸甘甜，愛ㄟ世界霓虹燈，希望未來，ㄟ當，斗陣一世人，哇ㄟ為你擋風颱，希望你ㄟ當了解，哇ㄟ心，哇ㄟ愛，你知毋知。你緊對哇行，麥閣企佇遐，哇永遠低遮，啥密攏毋驚有我做你ㄟ靠山，你緊對哇行，麥閣企佇遐，哇永遠低遮，啥密攏毋驚有哇做你ㄟ靠山。這款感覺酸甘甜，愛ㄟ世界霓虹燈，希望未來，ㄟ當，斗陣一世人，哇ㄟ為你擋風颱，希望你ㄟ當了解，哇ㄟ心，哇ㄟ愛，你知毋知。你緊對哇行，麥閣企佇遐，哇永遠佇遮，啥密攏毋驚有我做你ㄟ靠山，你緊對哇行，麥閣企佇遐，哇永遠佇遮，啥密攏毋驚有我做你ㄟ靠山。這條歌吼你聽，用心來唱希望你知影，滿腹心裡話，哇對天來咒誓，咒誓，ㄟ對你，惜命命。你緊對哇行，麥閣企佇遐，哇永遠佇遮，啥密攏毋驚有我做你ㄟ靠山，你緊對哇行，麥閣企佇遐，哇永遠佇遮，你是哇ㄟ性命永遠尬你做伴
獅子吼,"['我要跨 越這座山峰 創 造一片天空 那 裡會有彩虹 笑著引接我               風 會陪着我走 雨 都被我感動 雷 為我而激動 電 伺機而動', '我看見人性的醜陋 我聽見路人的詛咒 我不敢放鬆自己練功  這世界要多少爭鬥才足夠 我眼神堅定看著鏡子 裡的我 回想著 種種 那過去的我 為了什麼 我勇往直前不改初衷 抬起頭 我默默流汗 握著手 在一片黑暗 聚光燈底下  一支獨秀 盡全力燃燒生命 逆著風 我飛上天空   居高臨下大聲吶喊 我 成功 我勇於挑戰 不斷突破 不退縮 我即使失敗 不放棄 不失控 你睜大眼睛 看著我 怎麼作 現在我要給你我的正能量的手', '別看輕自我 別喪氣沉默 不隨波逐流 看看別人 想想自己 努力 夠不夠 別看輕自我 別喪氣沉默 不隨波逐流', '要勇敢向前衝 那 不實謠言 空穴來風 漫罵批評 惡意指控 像 無數的箭 迎面而來 毫不留情 進攻 儘管來吧 我正面迎戰沒在怕', '要絕地反攻 讓你見識 我的 獅子吼', '別看輕自我 別喪氣沉默 不隨波逐流 看看別人 想想自己 努力 夠不夠 別看輕自我 別喪氣沉默 不隨波逐流 要勇敢向前衝 那 不實謠言 空穴來風 漫罵批評 惡意指控 像 無數的箭 迎面而來 毫不留情 進攻 儘管來吧 我正面迎戰沒在怕', '要絕地反攻 讓你見識 我的 獅子吼', '我要跨 越這座山峰 創 造一片天空 那 裡會有彩虹 笑著引接我               風 會陪着我走 雨 都被我感動 雷 為我而激動 電 伺機而動']",我要跨，越這座山峰，創，造一片天空，那，裡會有彩虹，笑著引接我，風，會陪着我走，雨，都被我感動，雷，為我而激動，電，伺機而動。我看見人性的醜陋，我聽見路人的詛咒，我不敢放鬆自己練功，這世界要多少爭鬥才足夠，我眼神堅定看著鏡子，裡的我，回想著，種種，那過去的我，為了什麼，我勇往直前不改初衷，抬起頭，我默默流汗，握著手，在一片黑暗，聚光燈底下，一支獨秀，盡全力燃燒生命，逆著風，我飛上天空，居高臨下大聲吶喊，我，成功，我勇於挑戰，不斷突破，不退縮，我即使失敗，不放棄，不失控，你睜大眼睛，看著我，怎麼作，現在我要給你我的正能量的手。別看輕自我，別喪氣沉默，不隨波逐流，看看別人，想想自己，努力，夠不夠，別看輕自我，別喪氣沉默，不隨波逐流。要勇敢向前衝，那，不實謠言，空穴來風，漫罵批評，惡意指控，像，無數的箭，迎面而來，毫不留情，進攻，儘管來吧，我正面迎戰沒在怕。要絕地反攻，讓你見識，我的，獅子吼。別看輕自我，別喪氣沉默，不隨波逐流，看看別人，想想自己，努力，夠不夠，別看輕自我，別喪氣沉默，不隨波逐流，要勇敢向前衝，那，不實謠言，空穴來風，漫罵批評，惡意指控，像，無數的箭，迎面而來，毫不留情，進攻，儘管來吧，我正面迎戰沒在怕。要絕地反攻，讓你見識，我的，獅子吼。我要跨，越這座山峰，創，造一片天空，那，裡會有彩虹，笑著引接我，風，會陪着我走，雨，都被我感動，雷，為我而激動，電，伺機而動
第61分鐘,"['倒數四三二一 鬧鐘沒有響 世界末日沒有來 我們都一樣', '理由全部正當 快來狂歡一場', '不如放一天假 心情特別亮 呼朋引伴在身旁 快樂最高檔', '沒有那麼複雜 就來熱鬧一下', '沒什麼好計較        安可絕不散場']",倒數四三二一，鬧鐘沒有響，世界末日沒有來，我們都一樣。理由全部正當，快來狂歡一場。不如放一天假，心情特別亮，呼朋引伴在身旁，快樂最高檔。沒有那麼複雜，就來熱鬧一下。沒什麼好計較，安可絕不散場
愛我喊出來,"['別猜 愛因斯坦的想法 腦袋 偶爾讓它不聽話 身體 不聽使喚想去哪 別怕 我有一顆強心臟', '沒有什麼不奇怪 沒有什麼不能愛 放肆一下更好玩 快樂很簡單', '今天暫時不裝乖 有一點壞更可愛 把全世界翻過來 不愛不散', '快承認 心動是自然反射 快轉發 全人類你最獨特 邀請你 享受我愛的特權 今天起你最寶貝', '越舞越痛快  愛我喊出來']",別猜，愛因斯坦的想法，腦袋，偶爾讓它不聽話，身體，不聽使喚想去哪，別怕，我有一顆強心臟。沒有什麼不奇怪，沒有什麼不能愛，放肆一下更好玩，快樂很簡單。今天暫時不裝乖，有一點壞更可愛，把全世界翻過來，不愛不散。快承認，心動是自然反射，快轉發，全人類你最獨特，邀請你，享受我愛的特權，今天起你最寶貝。越舞越痛快，愛我喊出來
麥克瘋之王(羅志祥&麥克瘋),['麥克瘋 雙層純牛肉 獨特醬料加生菜 吉事洋蔥酸黃瓜 芝麻麵包蓋上去 我就是愛大麥克 我就是愛大麥克'],麥克瘋，雙層純牛肉，獨特醬料加生菜，吉事洋蔥酸黃瓜，芝麻麵包蓋上去，我就是愛大麥克，我就是愛大麥克
舞極限(2012全新單曲 ),"['當全世界 全淪陷於壁壘 我扛旗 努力揮 讓煙硝味 全消弭於音樂 無所謂 誰贏誰 把拒馬撤掉 高牆推倒 和對手擁抱  給敵意機會 去插上玫瑰 別讓她枯萎', '這歌以舞為名 為愛 而跳 讓身體舞極限 一燒 再燒 這歌以舞為名 我當然要 向愛我的你 獻上最敬禮 舞極限跳躍', '這歌以舞為名 為愛 而跳 讓身體舞極限 一燒 再燒 這歌以舞為名 我當然要 向愛我的你 獻上最敬禮 舞極限跳躍', '這歌以舞為名 為愛 而跳 讓身體舞極限 一燒 再燒 這歌以舞為名 我當然要 向愛我的你 獻上最敬禮', '這歌以舞為名 為愛 而跳 讓身體舞極限 一燒 再燒 這歌以舞為名 我當然要 向愛我的你 獻上最敬禮', '這歌以舞為名 為愛 而跳 讓身體舞極限 一燒 再燒 這歌以舞為名 我當然要 向愛我的你 獻上最敬禮 以舞為榮耀']",當全世界，全淪陷於壁壘，我扛旗，努力揮，讓煙硝味，全消弭於音樂，無所謂，誰贏誰，把拒馬撤掉，高牆推倒，和對手擁抱，給敵意機會，去插上玫瑰，別讓她枯萎。這歌以舞為名，為愛，而跳，讓身體舞極限，一燒，再燒，這歌以舞為名，我當然要，向愛我的你，獻上最敬禮，舞極限跳躍。這歌以舞為名，為愛，而跳，讓身體舞極限，一燒，再燒，這歌以舞為名，我當然要，向愛我的你，獻上最敬禮，舞極限跳躍。這歌以舞為名，為愛，而跳，讓身體舞極限，一燒，再燒，這歌以舞為名，我當然要，向愛我的你，獻上最敬禮。這歌以舞為名，為愛，而跳，讓身體舞極限，一燒，再燒，這歌以舞為名，我當然要，向愛我的你，獻上最敬禮。這歌以舞為名，為愛，而跳，讓身體舞極限，一燒，再燒，這歌以舞為名，我當然要，向愛我的你，獻上最敬禮，以舞為榮耀
鬧翻天(2012全新單曲 ),"['準備     爆炸力正悶著燒           就是要鬧翻天停不了 不准你喵喵像病貓', '一起     我就是想看你笑            一眼就能記住我名號    歡迎', '能躲在牆角陪你哭出來 哭出來 能讓你聽著我的心跳睡個好覺 就算月色被夜色擋掉 色擋掉 眼睛的光能一樣陪你跳躍', '準備     爆炸力正悶著燒           就是要鬧翻天停不了 不准你喵喵像病貓', '一起     我就是想看你笑            一眼就能記住我名號    歡迎', '一起     我就是想看你笑            一眼就能記住我名號    歡迎']",準備，爆炸力正悶著燒，就是要鬧翻天停不了，不准你喵喵像病貓。一起，我就是想看你笑，一眼就能記住我名號，歡迎。能躲在牆角陪你哭出來，哭出來，能讓你聽著我的心跳睡個好覺，就算月色被夜色擋掉，色擋掉，眼睛的光能一樣陪你跳躍。準備，爆炸力正悶著燒，就是要鬧翻天停不了，不准你喵喵像病貓。一起，我就是想看你笑，一眼就能記住我名號，歡迎。一起，我就是想看你笑，一眼就能記住我名號，歡迎
一支獨秀,"['愛 愛愛愛 準備大顯身手      戰鬥 愛 愛愛愛 看我一支獨秀 愛 愛愛愛', '我掙脫 緊箍咒 踩上好漢坡 避風頭 偷練功 就等這一刻 讓喉嚨 吼一吼 衝破你耳膜 此刻你聽到節奏是我的脈搏', '這世界冷颼颼 單調的像碗粥 勝者為王敗為寇 想熬出頭混不得 閉上眼 握拳頭 機會你要掌握 我不再做某某某 要你記住我', '求菩薩 拜碼頭 就等這一刻 血液裡 燃燒著 像洪水猛獸 你是否 也感受 胸口那把火 歡迎跟我切磋切磋 或幫我加油', '招式看來簡陋 卻能拳拳到肉 真功夫當作獻醜 談笑之間別苗頭 風一般的動作 肯定獨步宇宙 我有把握 跟著我 能獨佔鰲頭', 'ｘ']",愛，愛愛愛，準備大顯身手，戰鬥，愛，愛愛愛，看我一支獨秀，愛，愛愛愛。我掙脫，緊箍咒，踩上好漢坡，避風頭，偷練功，就等這一刻，讓喉嚨，吼一吼，衝破你耳膜，此刻你聽到節奏是我的脈搏。這世界冷颼颼，單調的像碗粥，勝者為王敗為寇，想熬出頭混不得，閉上眼，握拳頭，機會你要掌握，我不再做某某某，要你記住我。求菩薩，拜碼頭，就等這一刻，血液裡，燃燒著，像洪水猛獸，你是否，也感受，胸口那把火，歡迎跟我切磋切磋，或幫我加油。招式看來簡陋，卻能拳拳到肉，真功夫當作獻醜，談笑之間別苗頭，風一般的動作，肯定獨步宇宙，我有把握，跟著我，能獨佔鰲頭。ｘ
一萬零一夜,"['演唱會舞法舞天之一萬零一夜安可場主題曲', '%', '睜著眼說瞎話的那麼明顯 偏偏你委屈自己封印自己真實的臉 那一些肆無忌憚不知檢點 求求你拯救自己勇敢自己挑戰極限', '﹡是節奏著了魔快跳動還等什麼 是脈搏在騷動快給我激情點頭', '讓欲望去放縱飛舞著快樂雙手 你和我就聯手魔幻了整個宇宙', '﹡', '會不會覺得身上枷鎖太多 試一次不顧形象不顧完美解放自我 那一些蜚語流言道聽塗說 拜託你昂首獨步無聊的話當耳邊風']",演唱會舞法舞天之一萬零一夜安可場主題曲。%。睜著眼說瞎話的那麼明顯，偏偏你委屈自己封印自己真實的臉，那一些肆無忌憚不知檢點，求求你拯救自己勇敢自己挑戰極限。﹡是節奏著了魔快跳動還等什麼，是脈搏在騷動快給我激情點頭。讓欲望去放縱飛舞著快樂雙手，你和我就聯手魔幻了整個宇宙。﹡。會不會覺得身上枷鎖太多，試一次不顧形象不顧完美解放自我，那一些蜚語流言道聽塗說，拜託你昂首獨步無聊的話當耳邊風
獨一無二 Only You,"['怎麼妳三兩下就壞了我的原則 為妳訂做獨家癡情的角色 妳的快樂 全都是我的對策 越拿妳沒輒 越要妳見識我的獨特', '妳想學衝浪 陪妳曬成炭 還沒說要閃 絕對不想買單 想熱鬧晚餐 我用力幫妳揪團', '擋 擋 擋不住 愛慘了才酷 關 關 關不住 全天候的服務 藏 藏 藏不住 想霸佔的企圖 攔 攔 攔不住 中毒', '天乾物燥 小心 我愛的火燭', '是我為妳創下了好多新的規則 無所謂連自己都快不認得 要妳快樂 全都是我的政策 誰拿我沒輒 我偏要給妳我的獨特', '妳說妳怕胖 陪妳不吃飯 妳流一滴汗 我變出遮陽傘 不想出去玩 我兄弟暫時解散', '天乾物燥 小心 我愛的火燭', '我不在乎因為愛了妳 變一個樣 管他現在的我和我到底像不像', '要妳獨自欣賞我要妳獨自欣賞', '擋 擋 擋不住 愛慘了才酷 關 關 關不住 全天候的服務 藏 藏 藏不住 想霸佔的企圖 攔 攔 攔不住 中毒', '天乾物燥 小心 我愛的火燭']",怎麼妳三兩下就壞了我的原則，為妳訂做獨家癡情的角色，妳的快樂，全都是我的對策，越拿妳沒輒，越要妳見識我的獨特。妳想學衝浪，陪妳曬成炭，還沒說要閃，絕對不想買單，想熱鬧晚餐，我用力幫妳揪團。擋，擋，擋不住，愛慘了才酷，關，關，關不住，全天候的服務，藏，藏，藏不住，想霸佔的企圖，攔，攔，攔不住，中毒。天乾物燥，小心，我愛的火燭。是我為妳創下了好多新的規則，無所謂連自己都快不認得，要妳快樂，全都是我的政策，誰拿我沒輒，我偏要給妳我的獨特。妳說妳怕胖，陪妳不吃飯，妳流一滴汗，我變出遮陽傘，不想出去玩，我兄弟暫時解散。天乾物燥，小心，我愛的火燭。我不在乎因為愛了妳，變一個樣，管他現在的我和我到底像不像。要妳獨自欣賞我要妳獨自欣賞。擋，擋，擋不住，愛慘了才酷，關，關，關不住，全天候的服務，藏，藏，藏不住，想霸佔的企圖，攔，攔，攔不住，中毒。天乾物燥，小心，我愛的火燭
全城熱愛,"['愛          愛喔喔   愛     愛    就要愛 就要愛   愛   愛', '何必要把愛隱形藏起來 快樂狂飆跟低調說掰掰 科技體感沒有發明 真愛 全心打開 熱情都跳出來', '燃燒愛 寂寞就不在 感覺對就快表白 心動起來 不怕末日到來 感受 擁抱每份愛 別在螢幕前發呆 全城舞動 跳動這精彩', '愛    就要活的自在 全城熱愛起來   愛    就要愛我所愛 讓地球      愛 愛 愛 愛 愛 愛 愛 愛愛愛   愛 愛 愛 愛 愛 愛 愛 愛愛愛愛愛愛愛愛愛愛愛愛愛愛愛   愛   愛', '燃燒愛 寂寞就不在 感覺對就快表白 心動起來 不怕末日到來 感受 擁抱每份愛 別在螢幕前發呆 全城舞動 跳動這精彩', '愛    就要活的自在 全城熱愛起來   愛    就要愛我所愛 讓地球      愛 愛 愛 愛 愛 愛 愛 愛愛愛   愛 愛 愛 愛 愛 愛 愛 愛愛愛   愛 愛 喔嗚喔愛 愛 喔嗚喔愛 愛 喔嗚喔愛 愛愛愛   愛 愛 喔嗚喔愛 愛 喔嗚喔愛 愛 喔嗚喔愛 愛愛愛愛愛愛   愛   愛', '愛 愛愛愛   愛 愛愛', '愛 愛愛愛   愛 愛愛喔']",愛，愛喔喔，愛，愛，就要愛，就要愛，愛，愛。何必要把愛隱形藏起來，快樂狂飆跟低調說掰掰，科技體感沒有發明，真愛，全心打開，熱情都跳出來。燃燒愛，寂寞就不在，感覺對就快表白，心動起來，不怕末日到來，感受，擁抱每份愛，別在螢幕前發呆，全城舞動，跳動這精彩。愛，就要活的自在，全城熱愛起來，愛，就要愛我所愛，讓地球，愛，愛，愛，愛，愛，愛，愛，愛愛愛，愛，愛，愛，愛，愛，愛，愛，愛愛愛愛愛愛愛愛愛愛愛愛愛愛愛，愛，愛。燃燒愛，寂寞就不在，感覺對就快表白，心動起來，不怕末日到來，感受，擁抱每份愛，別在螢幕前發呆，全城舞動，跳動這精彩。愛，就要活的自在，全城熱愛起來，愛，就要愛我所愛，讓地球，愛，愛，愛，愛，愛，愛，愛，愛愛愛，愛，愛，愛，愛，愛，愛，愛，愛愛愛，愛，愛，喔嗚喔愛，愛，喔嗚喔愛，愛，喔嗚喔愛，愛愛愛，愛，愛，喔嗚喔愛，愛，喔嗚喔愛，愛，喔嗚喔愛，愛愛愛愛愛愛，愛，愛。愛，愛愛愛，愛，愛愛。愛，愛愛愛，愛，愛愛喔
幸福囉,['妳主編我的生活 創造了潮流 刷新 我每個幽默 從此幸福排行榜 為你幸福囉 你用笑容炫燿寵愛你的我 眼淚為感動而流 登上衛冕者寶座 只要你愛我'],妳主編我的生活，創造了潮流，刷新，我每個幽默，從此幸福排行榜，為你幸福囉，你用笑容炫燿寵愛你的我，眼淚為感動而流，登上衛冕者寶座，只要你愛我
愛的主場秀,"['氣溫太躁動 難過 競技場裡 觀眾太多 歡聲 雷動 等愛被轉播 誰在挺我 快說 來點掌聲 也不為過 我想 打動 妳的心裡頭 第一回合敲鐘 紅色布幕 揚動 我和妳站兩頭 等等看是誰先主動 給我一點笑容 骨子裡的衝動 就是非妳不可 今天妳要被掌握', '愛的主場秀 鬥智也鬥勇 妳也有手偏偏要牽不牽吊人胃口 別ㄍ一ㄥ那麼久 告白不必等壓軸 我不介意 像這種小事交給我做', '愛的主場秀 鬥智也鬥勇 妳臉紅紅還說 天氣太熱 明明害羞 會不會跳 放心我是好對手 能攻能守 預告你的心將屬於我 愛的主場秀 必勝的念頭 我越戰越勇 贏到妳的心 獨一無二 愛的主場秀 想和你交手 延長幾回合 我用盡絕活', '愛的主場秀 鬥智也鬥勇 你也有手偏偏要牽不牽吊人胃口 別ㄍ一ㄥ 那麼久 告白不必等壓軸 我不介意 像這種小事交給我做', '愛的主場秀 鬥智也鬥勇 你臉紅紅 還說天氣太熱 明明害羞 會不會跳 放心我是好對手 能攻能守 預告你的心 將屬於我']",氣溫太躁動，難過，競技場裡，觀眾太多，歡聲，雷動，等愛被轉播，誰在挺我，快說，來點掌聲，也不為過，我想，打動，妳的心裡頭，第一回合敲鐘，紅色布幕，揚動，我和妳站兩頭，等等看是誰先主動，給我一點笑容，骨子裡的衝動，就是非妳不可，今天妳要被掌握。愛的主場秀，鬥智也鬥勇，妳也有手偏偏要牽不牽吊人胃口，別ㄍ一ㄥ那麼久，告白不必等壓軸，我不介意，像這種小事交給我做。愛的主場秀，鬥智也鬥勇，妳臉紅紅還說，天氣太熱，明明害羞，會不會跳，放心我是好對手，能攻能守，預告你的心將屬於我，愛的主場秀，必勝的念頭，我越戰越勇，贏到妳的心，獨一無二，愛的主場秀，想和你交手，延長幾回合，我用盡絕活。愛的主場秀，鬥智也鬥勇，你也有手偏偏要牽不牽吊人胃口，別ㄍ一ㄥ，那麼久，告白不必等壓軸，我不介意，像這種小事交給我做。愛的主場秀，鬥智也鬥勇，你臉紅紅，還說天氣太熱，明明害羞，會不會跳，放心我是好對手，能攻能守，預告你的心，將屬於我
愛瘋頭,"['你想逛逛月球  夠不夠 我背你上頂樓 赴湯蹈火 我為你做', '每天頂級面膜 給你香檳漱口 上流般的生活 赴湯蹈火 我為你做', '海派的天空讓你盡情揮霍 為你愛瘋頭到走火入魔 喔噢 海派的生活讓你盡情享受 為你愛瘋頭快流浪街頭 海派 海派 哎呀呀呀', '海派的天空讓你盡情揮霍 為你愛瘋頭到走火入魔 喔噢 海派的生活讓你盡情享受 為你愛瘋頭快流浪街頭 海派 海派呀呀呀呀 海派 海派 海派呀呀呀呀', '你要相信 我的用心 海派的天空 讓你盡情揮霍 為你愛瘋狂到走火入魔 喔噢 海派的生活 讓你盡情享受 為你愛瘋頭快流浪街頭 海派 海派 哎呀呀呀呀呀呀呀']",你想逛逛月球，夠不夠，我背你上頂樓，赴湯蹈火，我為你做。每天頂級面膜，給你香檳漱口，上流般的生活，赴湯蹈火，我為你做。海派的天空讓你盡情揮霍，為你愛瘋頭到走火入魔，喔噢，海派的生活讓你盡情享受，為你愛瘋頭快流浪街頭，海派，海派，哎呀呀呀。海派的天空讓你盡情揮霍，為你愛瘋頭到走火入魔，喔噢，海派的生活讓你盡情享受，為你愛瘋頭快流浪街頭，海派，海派呀呀呀呀，海派，海派，海派呀呀呀呀。你要相信，我的用心，海派的天空，讓你盡情揮霍，為你愛瘋狂到走火入魔，喔噢，海派的生活，讓你盡情享受，為你愛瘋頭快流浪街頭，海派，海派，哎呀呀呀呀呀呀呀
有我在,"['當黑暗席捲而來這世界好像已被寂寞深埋 就連作夢都崩壞我也會拼了命忍耐為你存在 愛讓我們義無反顧扮演了硬派 也讓我們歇斯底里變成了病態 或許我們始終都沒有明白愛只要瞬間精采', '愛愛愛沒有安全的地帶快樂悲哀其實不過只是意外     有我在 別怕天塌下來別怕剩下空白你的世界有我在 我陪著你所以', '親愛的你      心疼的你      親愛的你      心疼的你', '我們被思念主宰總是手放不開而心被眼淚出賣 誰能說不愛就不愛最想念的那個人為什麼已不在 愛讓我們義無反顧扮演了硬派 也讓我們歇斯底里變成了病態 或許我們始終都沒有明白愛只要瞬間精采', '親愛的你      心疼的你      親愛的你      心疼的你', '我們說不出 我們都會依賴但是請你  我們都會問著 都會難以釋懷但是請你  我會陪著你等待陽光終會回來親愛的你  親愛的你', '就把自己給打敗快樂悲哀其實不過只是意外     有我在 別怕天塌下來別怕剩下空白你的世界有我在 我陪著你所以', '親愛的你      心疼的你      親愛的你      心疼的你      親愛的你']",當黑暗席捲而來這世界好像已被寂寞深埋，就連作夢都崩壞我也會拼了命忍耐為你存在，愛讓我們義無反顧扮演了硬派，也讓我們歇斯底里變成了病態，或許我們始終都沒有明白愛只要瞬間精采。愛愛愛沒有安全的地帶快樂悲哀其實不過只是意外，有我在，別怕天塌下來別怕剩下空白你的世界有我在，我陪著你所以。親愛的你，心疼的你，親愛的你，心疼的你。我們被思念主宰總是手放不開而心被眼淚出賣，誰能說不愛就不愛最想念的那個人為什麼已不在，愛讓我們義無反顧扮演了硬派，也讓我們歇斯底里變成了病態，或許我們始終都沒有明白愛只要瞬間精采。親愛的你，心疼的你，親愛的你，心疼的你。我們說不出，我們都會依賴但是請你，我們都會問著，都會難以釋懷但是請你，我會陪著你等待陽光終會回來親愛的你，親愛的你。就把自己給打敗快樂悲哀其實不過只是意外，有我在，別怕天塌下來別怕剩下空白你的世界有我在，我陪著你所以。親愛的你，心疼的你，親愛的你，心疼的你，親愛的你
箇中強手(Hot Shot),"['無聊的生活 你還想過多久 鬥志被埋沒 別怪罪都是懶惰 汗要飆出火 成敗就這一刻 要點燃熱血 跟兄弟併肩戰鬥', '我們 只拼到底 不信 失敗有理 打下 一個傳奇 要你跟我一起', '就打破規則 出手 就知有沒有 箇中強手 那將是我', '有膽成英雄 巔峰 不過是開頭 誰是高手 跟我同夥', '心裡的節奏 就要衝出喉嚨 現在倒數秒鐘 你跟我一起加油 成功的顏色 讓別人看不透 就掀起潮流 要世界跟隨 我', '我們 只拼到底 不信 失敗有理 打下 一個傳奇 要你跟我一起', '有膽成英雄 巔峰 不過是開頭 誰是高手 跟我同夥', '懷疑 不會是我的座右銘 自己 超越每個自己 看清 瞄準目標就大膽出手', '就打破規則 出手 就知有沒有 箇中強手 那將是我', '有膽成英雄 巔峰 不過是開頭 誰是高手 跟我同夥', '就打破規則 出手 就知有沒有 箇中強手 那將是我', '有膽成英雄 巔峰 不過是開頭 誰是高手 跟我同夥']",無聊的生活，你還想過多久，鬥志被埋沒，別怪罪都是懶惰，汗要飆出火，成敗就這一刻，要點燃熱血，跟兄弟併肩戰鬥。我們，只拼到底，不信，失敗有理，打下，一個傳奇，要你跟我一起。就打破規則，出手，就知有沒有，箇中強手，那將是我。有膽成英雄，巔峰，不過是開頭，誰是高手，跟我同夥。心裡的節奏，就要衝出喉嚨，現在倒數秒鐘，你跟我一起加油，成功的顏色，讓別人看不透，就掀起潮流，要世界跟隨，我。我們，只拼到底，不信，失敗有理，打下，一個傳奇，要你跟我一起。有膽成英雄，巔峰，不過是開頭，誰是高手，跟我同夥。懷疑，不會是我的座右銘，自己，超越每個自己，看清，瞄準目標就大膽出手。就打破規則，出手，就知有沒有，箇中強手，那將是我。有膽成英雄，巔峰，不過是開頭，誰是高手，跟我同夥。就打破規則，出手，就知有沒有，箇中強手，那將是我。有膽成英雄，巔峰，不過是開頭，誰是高手，跟我同夥
當我們宅一塊,"['愛過來 當我們宅一塊 就算沒有豪宅 屋屋屋屋 滿滿愛 親過來 讓我們宅一塊 跟你窩著棉被浪漫過冬 幸福的宅', '無時無刻對幸福的期待 就是你無理取鬧的可愛姿態吼 每天我的心臟都快跳出來撲通 不知你有沒有感受我的眼神煞到愛', '完美型男遇上可愛宅女就被打敗 搞不懂你還教會狗狗連拍喀嚓 你說你的生活拒絕無賴跟耍賴 只想找個真愛 真愛', '如果你期待愛 生活愉快跟我幸福百分百 我也可以很宅 就為了愛 你別大驚小怪 快把愛說出來', '憂鬱拿去貼牆壁 把我的愛放在你心底 跟我愛一起 跟我宅一起 每一天都', '到底不   跟我說一聲 給你秀秀 不要扭扭捏捏 給你秀秀 害羞拿去消滅', '愛是不   趕快說一聲 型男型女要一起   宅男宅女為愛一起']",愛過來，當我們宅一塊，就算沒有豪宅，屋屋屋屋，滿滿愛，親過來，讓我們宅一塊，跟你窩著棉被浪漫過冬，幸福的宅。無時無刻對幸福的期待，就是你無理取鬧的可愛姿態吼，每天我的心臟都快跳出來撲通，不知你有沒有感受我的眼神煞到愛。完美型男遇上可愛宅女就被打敗，搞不懂你還教會狗狗連拍喀嚓，你說你的生活拒絕無賴跟耍賴，只想找個真愛，真愛。如果你期待愛，生活愉快跟我幸福百分百，我也可以很宅，就為了愛，你別大驚小怪，快把愛說出來。憂鬱拿去貼牆壁，把我的愛放在你心底，跟我愛一起，跟我宅一起，每一天都。到底不，跟我說一聲，給你秀秀，不要扭扭捏捏，給你秀秀，害羞拿去消滅。愛是不，趕快說一聲，型男型女要一起，宅男宅女為愛一起
潮男正傳,"['老媽說 我像隻蜈蚣 只有兩隻腳 鞋都嫌不夠 哪雙限量 家裡通通有 這帽 懂不懂可是大有來頭 叫朋友幫我插隊 幫我關說 還好交情夠 搶到第一手', '潮男出手 怎麼做 丟丟丟 丟什麼 該丟的通通得丟 球鞋開了口 快放生 做功德 男人味 如果沒有潮流 不夠格', '不 靠得可不是臉上毛細孔 世界太和平不用防空洞 太靠近講話臉上有    著我 聽說英雄 自古都愛美色 那是要說 以身作則 你 懂了沒有', '潮男出手 怎麼做 有有有 有什麼 不該有的不要有 頭髮不能油 大肚腩 快點瘦 男人味 標準已經不同 別出糗']",老媽說，我像隻蜈蚣，只有兩隻腳，鞋都嫌不夠，哪雙限量，家裡通通有，這帽，懂不懂可是大有來頭，叫朋友幫我插隊，幫我關說，還好交情夠，搶到第一手。潮男出手，怎麼做，丟丟丟，丟什麼，該丟的通通得丟，球鞋開了口，快放生，做功德，男人味，如果沒有潮流，不夠格。不，靠得可不是臉上毛細孔，世界太和平不用防空洞，太靠近講話臉上有，著我，聽說英雄，自古都愛美色，那是要說，以身作則，你，懂了沒有。潮男出手，怎麼做，有有有，有什麼，不該有的不要有，頭髮不能油，大肚腩，快點瘦，男人味，標準已經不同，別出糗
我秀故我在,"['就是現在  請指教 不需要 耍低調 你有料 就當主角 要跳 要讓人 下一跳 遊戲規則 了不了 沒自信 沒有型 搞不定 無限的未來 誰說不行 創造你的可能   別再等 青春是最棒的歌', '我的秀故我在 整個世界   我的感覺    把愛都 出來  趁現在 整個宇宙    我的心在  把本事 出來', '行動力 是奇蹟 錯過就 來不及 看我的 神來一筆 自己 別客氣 走下去 最偉大的 叫做勇氣 沒自信 沒有型 搞不定 無限的未來 誰說不行 創造你的可能 讓我們  別再等 青春是最棒的歌', '趁現在 整個宇宙    我的心在  把本事', '創造你的可能   別再等 青春就是我的歌 我的秀故我在 整個世界   我的感覺    把愛都 出來  趁現在 整個宇宙    我的心在  把本事 出來', '我的秀故我在 整個世界   我的感覺      出來  趁現在 整個宇宙    我的心在  把本事']",就是現在，請指教，不需要，耍低調，你有料，就當主角，要跳，要讓人，下一跳，遊戲規則，了不了，沒自信，沒有型，搞不定，無限的未來，誰說不行，創造你的可能，別再等，青春是最棒的歌。我的秀故我在，整個世界，我的感覺，把愛都，出來，趁現在，整個宇宙，我的心在，把本事，出來。行動力，是奇蹟，錯過就，來不及，看我的，神來一筆，自己，別客氣，走下去，最偉大的，叫做勇氣，沒自信，沒有型，搞不定，無限的未來，誰說不行，創造你的可能，讓我們，別再等，青春是最棒的歌。趁現在，整個宇宙，我的心在，把本事。創造你的可能，別再等，青春就是我的歌，我的秀故我在，整個世界，我的感覺，把愛都，出來，趁現在，整個宇宙，我的心在，把本事，出來。我的秀故我在，整個世界，我的感覺，出來，趁現在，整個宇宙，我的心在，把本事
WOW!,"['我都知道 大可不必搖頭晃腦 出怪招 為了讓我微笑拼命想討好    誰沒看到 管它什麼潮流當道 眉一挑等閒之輩不要再打擾', '不奇怪 心跳會多了一拍 不意外 為了我瘋狂失態 為我站起來', '愛就要炫耀 裝害臊太沒禮貌  誰膽小怕爆料 誰怕 誰怕誰 感覺不對 別來鬧      愛就要咆哮 憋在心裡誰知道  看我魅力發酵', '剛剛好 像一杯飲料 有一點氣泡 刺激你頭腦幫你早一點開竅    是我的記號 偶爾不走在軌道 是我的調調', '別期待 快樂會不請自來 別搖擺 你心動看得出來', '愛就要炫耀 裝害臊太沒禮貌  誰膽小怕爆料 誰怕 誰怕誰 感覺不對 別來鬧      愛就要咆哮 憋在心裡誰知道  看我魅力發酵', '誰說我不心動 心跳大得快聾 只是太多小丑 擋著你看不到我 好幾天不能睡 草稿打了八百回 為了這一刻我天天熬夜拚命演練 偷拍你的照片 貼在手機桌面 故意騎著小折聽音樂經過你面前 是你要我出手 嚇到你怪不得我 你的喜怒哀樂春夏秋冬都讓我接手']",我都知道，大可不必搖頭晃腦，出怪招，為了讓我微笑拼命想討好，誰沒看到，管它什麼潮流當道，眉一挑等閒之輩不要再打擾。不奇怪，心跳會多了一拍，不意外，為了我瘋狂失態，為我站起來。愛就要炫耀，裝害臊太沒禮貌，誰膽小怕爆料，誰怕，誰怕誰，感覺不對，別來鬧，愛就要咆哮，憋在心裡誰知道，看我魅力發酵。剛剛好，像一杯飲料，有一點氣泡，刺激你頭腦幫你早一點開竅，是我的記號，偶爾不走在軌道，是我的調調。別期待，快樂會不請自來，別搖擺，你心動看得出來。愛就要炫耀，裝害臊太沒禮貌，誰膽小怕爆料，誰怕，誰怕誰，感覺不對，別來鬧，愛就要咆哮，憋在心裡誰知道，看我魅力發酵。誰說我不心動，心跳大得快聾，只是太多小丑，擋著你看不到我，好幾天不能睡，草稿打了八百回，為了這一刻我天天熬夜拚命演練，偷拍你的照片，貼在手機桌面，故意騎著小折聽音樂經過你面前，是你要我出手，嚇到你怪不得我，你的喜怒哀樂春夏秋冬都讓我接手
愛走秀,"['逛精品店也可以逛潮牌 就像我對你的愛 多方位萬能發展 飛簷走壁很抱歉學不來 整天黏著你 帶你趴趴走 簡單', '愛的伸展台 溫柔是名牌 時尚到未來要你在 愛的 幸福聚光就現在 只為你獨家表演的愛', '走愛的秀 迷倒你       溫柔     走愛的秀 每一步       都中']",逛精品店也可以逛潮牌，就像我對你的愛，多方位萬能發展，飛簷走壁很抱歉學不來，整天黏著你，帶你趴趴走，簡單。愛的伸展台，溫柔是名牌，時尚到未來要你在，愛的，幸福聚光就現在，只為你獨家表演的愛。走愛的秀，迷倒你，溫柔，走愛的秀，每一步，都中
舞法舞天,"['舞法舞天 舞法舞天 舞法舞天 舞法舞天', '想假裝你不愛這個節奏唉呦少來 給你勇氣把龜毛無聊都趕出腦海 不需要老派加入我整個好 擺脫纏住你的膠帶給自己個交代', '今天舞法舞天 讓自己大於無限 煩惱丟在路邊 讓規則都不見 讓我舞法舞天 讓希望大於無限 機會忽隱忽現 由我們來主演 讓我舞法舞天', '用絕對舞力震撼世界讓對手朝拜 當電流穿越身體讓眾人眼神超載 賭上了名譽用快樂打造金字招牌', '走自己的路 耍自己的酷 跳自己的舞 做自己 最精彩 彈自己的譜 算自己的數 扮自己的豬 做自己 最愉快', '今天舞法舞天 讓自己大於無限 煩惱丟在路邊 讓規則都不見 讓我舞法舞天 讓希望大於無限 機會忽隱忽現 由我們來主演 讓我舞法舞天      讓我舞法舞天']",舞法舞天，舞法舞天，舞法舞天，舞法舞天。想假裝你不愛這個節奏唉呦少來，給你勇氣把龜毛無聊都趕出腦海，不需要老派加入我整個好，擺脫纏住你的膠帶給自己個交代。今天舞法舞天，讓自己大於無限，煩惱丟在路邊，讓規則都不見，讓我舞法舞天，讓希望大於無限，機會忽隱忽現，由我們來主演，讓我舞法舞天。用絕對舞力震撼世界讓對手朝拜，當電流穿越身體讓眾人眼神超載，賭上了名譽用快樂打造金字招牌。走自己的路，耍自己的酷，跳自己的舞，做自己，最精彩，彈自己的譜，算自己的數，扮自己的豬，做自己，最愉快。今天舞法舞天，讓自己大於無限，煩惱丟在路邊，讓規則都不見，讓我舞法舞天，讓希望大於無限，機會忽隱忽現，由我們來主演，讓我舞法舞天，讓我舞法舞天
有我在,"['當黑暗席捲而來這世界好像已被寂寞深埋 就連作夢都崩壞我也會拼了命忍耐為你存在 愛讓我們義無反顧扮演了硬派 也讓我們歇斯底里變成了病態 或許我們始終都沒有明白愛只要瞬間精采', '愛愛愛沒有安全的地帶快樂悲哀其實不過只是意外     有我在 別怕天塌下來別怕剩下空白你的世界有我在 我陪著你所以', '親愛的你      心疼的你      親愛的你      心疼的你', '我們被思念主宰總是手放不開而心被眼淚出賣 誰能說不愛就不愛最想念的那個人為什麼已不在 愛讓我們義無反顧扮演了硬派 也讓我們歇斯底里變成了病態 或許我們始終都沒有明白愛只要瞬間精采', '親愛的你      心疼的你      親愛的你      心疼的你', '我們說不出 我們都會依賴但是請你  我們都會問著 都會難以釋懷但是請你  我會陪著你等待陽光終會回來親愛的你  親愛的你', '就把自己給打敗快樂悲哀其實不過只是意外     有我在 別怕天塌下來別怕剩下空白你的世界有我在 我陪著你所以', '親愛的你      心疼的你      親愛的你      心疼的你      親愛的你']",當黑暗席捲而來這世界好像已被寂寞深埋，就連作夢都崩壞我也會拼了命忍耐為你存在，愛讓我們義無反顧扮演了硬派，也讓我們歇斯底里變成了病態，或許我們始終都沒有明白愛只要瞬間精采。愛愛愛沒有安全的地帶快樂悲哀其實不過只是意外，有我在，別怕天塌下來別怕剩下空白你的世界有我在，我陪著你所以。親愛的你，心疼的你，親愛的你，心疼的你。我們被思念主宰總是手放不開而心被眼淚出賣，誰能說不愛就不愛最想念的那個人為什麼已不在，愛讓我們義無反顧扮演了硬派，也讓我們歇斯底里變成了病態，或許我們始終都沒有明白愛只要瞬間精采。親愛的你，心疼的你，親愛的你，心疼的你。我們說不出，我們都會依賴但是請你，我們都會問著，都會難以釋懷但是請你，我會陪著你等待陽光終會回來親愛的你，親愛的你。就把自己給打敗快樂悲哀其實不過只是意外，有我在，別怕天塌下來別怕剩下空白你的世界有我在，我陪著你所以。親愛的你，心疼的你，親愛的你，心疼的你，親愛的你
全城熱愛,"['愛          愛喔喔   愛     愛    就要愛 就要愛   愛   愛', '何必要把愛隱形藏起來 快樂狂飆跟低調說掰掰 科技體感沒有發明 真愛 全心打開 熱情都跳出來', '燃燒愛 寂寞就不在 感覺對就快表白 心動起來 不怕末日到來 感受 擁抱每份愛 別在螢幕前發呆 全城舞動 跳動這精彩', '愛    就要活的自在 全城熱愛起來   愛    就要愛我所愛 讓地球      愛 愛 愛 愛 愛 愛 愛 愛愛愛   愛 愛 愛 愛 愛 愛 愛 愛愛愛愛愛愛愛愛愛愛愛愛愛愛愛   愛   愛', '燃燒愛 寂寞就不在 感覺對就快表白 心動起來 不怕末日到來 感受 擁抱每份愛 別在螢幕前發呆 全城舞動 跳動這精彩', '愛    就要活的自在 全城熱愛起來   愛    就要愛我所愛 讓地球      愛 愛 愛 愛 愛 愛 愛 愛愛愛   愛 愛 愛 愛 愛 愛 愛 愛愛愛   愛 愛 喔嗚喔愛 愛 喔嗚喔愛 愛 喔嗚喔愛 愛愛愛   愛 愛 喔嗚喔愛 愛 喔嗚喔愛 愛 喔嗚喔愛 愛愛愛愛愛愛   愛   愛', '愛 愛愛愛   愛 愛愛', '愛 愛愛愛   愛 愛愛喔']",愛，愛喔喔，愛，愛，就要愛，就要愛，愛，愛。何必要把愛隱形藏起來，快樂狂飆跟低調說掰掰，科技體感沒有發明，真愛，全心打開，熱情都跳出來。燃燒愛，寂寞就不在，感覺對就快表白，心動起來，不怕末日到來，感受，擁抱每份愛，別在螢幕前發呆，全城舞動，跳動這精彩。愛，就要活的自在，全城熱愛起來，愛，就要愛我所愛，讓地球，愛，愛，愛，愛，愛，愛，愛，愛愛愛，愛，愛，愛，愛，愛，愛，愛，愛愛愛愛愛愛愛愛愛愛愛愛愛愛愛，愛，愛。燃燒愛，寂寞就不在，感覺對就快表白，心動起來，不怕末日到來，感受，擁抱每份愛，別在螢幕前發呆，全城舞動，跳動這精彩。愛，就要活的自在，全城熱愛起來，愛，就要愛我所愛，讓地球，愛，愛，愛，愛，愛，愛，愛，愛愛愛，愛，愛，愛，愛，愛，愛，愛，愛愛愛，愛，愛，喔嗚喔愛，愛，喔嗚喔愛，愛，喔嗚喔愛，愛愛愛，愛，愛，喔嗚喔愛，愛，喔嗚喔愛，愛，喔嗚喔愛，愛愛愛愛愛愛，愛，愛。愛，愛愛愛，愛，愛愛。愛，愛愛愛，愛，愛愛喔
王見王,"['羅志祥: 都說不打不相識 擦槍走火因為你 我難道愛上你 鬥嘴鬥得很開心 不見你都不對勁 連夢裡也是你', '合: 愛情從天上掉下來 花朵從我心裡開出來 要遇上對手不簡單 當戀愛王見王 誰也不換 愛愛愛 當戀愛王見王 誰來主宰 愛愛愛 就讓我擁抱你 為民除害 愛', '羅志祥: 你說美女如雲 為什麼纏著你 我自己也很吃驚 被你呼來喚去 吵吵鬧鬧讓我覺得充滿了活力', '合: 愛情從天上掉下來 花朵從我心裡開出來 要遇上對手不簡單 當戀愛王見王 誰也不換 愛愛愛 當戀愛王見王 誰來主宰 愛愛愛 就讓我擁抱你 為民除害 愛', '羅志祥: 愛 愛愛愛 看我一枝獨秀', '合: 愛情從天上掉下來 花朵從我心裡開出來 要遇上對手不簡單 當戀愛王見王 誰也不換 你配得上我的喜歡 我當得起你真心崇拜 一天比一天離不開 當戀愛王見王 寂寞淘汰 愛愛愛 當戀愛王見王 誰來主宰 愛愛愛 就讓我擁抱你 為民除害 愛']",羅志祥:，都說不打不相識，擦槍走火因為你，我難道愛上你，鬥嘴鬥得很開心，不見你都不對勁，連夢裡也是你。合:，愛情從天上掉下來，花朵從我心裡開出來，要遇上對手不簡單，當戀愛王見王，誰也不換，愛愛愛，當戀愛王見王，誰來主宰，愛愛愛，就讓我擁抱你，為民除害，愛。羅志祥:，你說美女如雲，為什麼纏著你，我自己也很吃驚，被你呼來喚去，吵吵鬧鬧讓我覺得充滿了活力。合:，愛情從天上掉下來，花朵從我心裡開出來，要遇上對手不簡單，當戀愛王見王，誰也不換，愛愛愛，當戀愛王見王，誰來主宰，愛愛愛，就讓我擁抱你，為民除害，愛。羅志祥:，愛，愛愛愛，看我一枝獨秀。合:，愛情從天上掉下來，花朵從我心裡開出來，要遇上對手不簡單，當戀愛王見王，誰也不換，你配得上我的喜歡，我當得起你真心崇拜，一天比一天離不開，當戀愛王見王，寂寞淘汰，愛愛愛，當戀愛王見王，誰來主宰，愛愛愛，就讓我擁抱你，為民除害，愛
不具名的悲傷,"['我沒有比 其他人強悍 這沒有什麼好隱瞞 淚水和你一樣燙 也會有心慌 只是不代表我要對人講', '工作很忙 沒有誰不忙 我在工作之間流浪 剩下的未標示的時光 就像一個空罐 找不到任何事情 可以填滿', '有一種情緒是不具名的悲傷 跟我愛不到的那人彷彿無關 只有回憶發出的悶響 越聽越覺遺憾 我可不可以什麼都不想', '這是你留給我不具名的悲傷 我甚至說不出痛在哪個地方 愛不費一顆子彈 靈魂卻洞穿 我投降 能不能把記憶關上', '工作很忙 沒有誰不忙 我在工作之間流浪 剩下的未標示的時光 就像一個空罐 找不到任何事情 可以填滿', '這是你留給我不具名的悲傷 我甚至說不出痛在哪個地方 愛不費一顆子彈 靈魂卻洞穿 我投降 能不能把記憶關上', '越強烈的愛後勁越強 痛一直延長 在往後的每個夜晚 我以為時間是最好的偏方 治好的全都是皮外傷', '我的不具名的悲傷 跟我愛不到的那人彷彿無關 只有回憶發出的悶響 越聽越覺遺憾 我可不可以什麼都不想', '這是你留給我不具名的悲傷 我甚至說不出痛在哪個地方 愛不費一顆子彈 靈魂卻洞穿 我投降 能不能把記憶關上', '我沒有比 其他人強悍 這沒有什麼好隱瞞 淚水和你一樣燙 也會有心慌 只是不代表我要對人講', '工作很忙 沒有誰不忙 我在工作之間流浪 剩下的未標示的時光 就像一個空罐 找不到任何事情 可以填滿', '有一種情緒是不具名的悲傷 跟我愛不到的那人彷彿無關 只有回憶發出的悶響 越聽越覺遺憾 我可不可以什麼都不想', '這是你留給我不具名的悲傷 我甚至說不出痛在哪個地方 愛不費一顆子彈 靈魂卻洞穿 我投降 能不能把記憶關上', ':', '越強烈的愛後勁越強 痛一直延長 在往後的每個夜晚 我以為時間是最好的偏方 治好的全都是皮外傷', '我的不具名的悲傷 跟我愛不到的那人彷彿無關 只有回憶發出的悶響 越聽越覺遺憾 我可不可以什麼都不想', '這是你留給我不具名的悲傷 我甚至說不出痛在哪個地方 愛不費一顆子彈 靈魂卻洞穿 我投降 能不能把記憶關上']",我沒有比，其他人強悍，這沒有什麼好隱瞞，淚水和你一樣燙，也會有心慌，只是不代表我要對人講。工作很忙，沒有誰不忙，我在工作之間流浪，剩下的未標示的時光，就像一個空罐，找不到任何事情，可以填滿。有一種情緒是不具名的悲傷，跟我愛不到的那人彷彿無關，只有回憶發出的悶響，越聽越覺遺憾，我可不可以什麼都不想。這是你留給我不具名的悲傷，我甚至說不出痛在哪個地方，愛不費一顆子彈，靈魂卻洞穿，我投降，能不能把記憶關上。工作很忙，沒有誰不忙，我在工作之間流浪，剩下的未標示的時光，就像一個空罐，找不到任何事情，可以填滿。這是你留給我不具名的悲傷，我甚至說不出痛在哪個地方，愛不費一顆子彈，靈魂卻洞穿，我投降，能不能把記憶關上。越強烈的愛後勁越強，痛一直延長，在往後的每個夜晚，我以為時間是最好的偏方，治好的全都是皮外傷。我的不具名的悲傷，跟我愛不到的那人彷彿無關，只有回憶發出的悶響，越聽越覺遺憾，我可不可以什麼都不想。這是你留給我不具名的悲傷，我甚至說不出痛在哪個地方，愛不費一顆子彈，靈魂卻洞穿，我投降，能不能把記憶關上。我沒有比，其他人強悍，這沒有什麼好隱瞞，淚水和你一樣燙，也會有心慌，只是不代表我要對人講。工作很忙，沒有誰不忙，我在工作之間流浪，剩下的未標示的時光，就像一個空罐，找不到任何事情，可以填滿。有一種情緒是不具名的悲傷，跟我愛不到的那人彷彿無關，只有回憶發出的悶響，越聽越覺遺憾，我可不可以什麼都不想。這是你留給我不具名的悲傷，我甚至說不出痛在哪個地方，愛不費一顆子彈，靈魂卻洞穿，我投降，能不能把記憶關上。:。越強烈的愛後勁越強，痛一直延長，在往後的每個夜晚，我以為時間是最好的偏方，治好的全都是皮外傷。我的不具名的悲傷，跟我愛不到的那人彷彿無關，只有回憶發出的悶響，越聽越覺遺憾，我可不可以什麼都不想。這是你留給我不具名的悲傷，我甚至說不出痛在哪個地方，愛不費一顆子彈，靈魂卻洞穿，我投降，能不能把記憶關上
愛入非非,"['愛是致命的美 拼了命不後悔 去追 遇上了偷心賊 愛非所愛傻一回 能怪誰 我以爲我不會流淚 不累 不會害怕寂寞整夜 失眠 就快要人格分裂 摧毀了防備', '愛入非非我變成你的誰 你說的對不該打死不退 只是愛無可退全世界都安慰 我會愛到對的誰 想入非非你變成我的誰 你的眼角不再為他心碎 沒有眼淚那有多完美', '愛入非非我變成你的誰 你說的對不該打死不退 只是愛無可退全世界都安慰 我會愛到對的誰 想入非非你變成我的誰 你的眼角不再為他心碎 沒有眼淚那有多完美', '愛入非非我變成你的誰 你說的對不該打死不退 只是愛無可退全世界都安慰 我會愛到對的誰 想入非非你變成我的誰 你的一切不再為愛浪費 沒有眼淚愛有多完美']",愛是致命的美，拼了命不後悔，去追，遇上了偷心賊，愛非所愛傻一回，能怪誰，我以爲我不會流淚，不累，不會害怕寂寞整夜，失眠，就快要人格分裂，摧毀了防備。愛入非非我變成你的誰，你說的對不該打死不退，只是愛無可退全世界都安慰，我會愛到對的誰，想入非非你變成我的誰，你的眼角不再為他心碎，沒有眼淚那有多完美。愛入非非我變成你的誰，你說的對不該打死不退，只是愛無可退全世界都安慰，我會愛到對的誰，想入非非你變成我的誰，你的眼角不再為他心碎，沒有眼淚那有多完美。愛入非非我變成你的誰，你說的對不該打死不退，只是愛無可退全世界都安慰，我會愛到對的誰，想入非非你變成我的誰，你的一切不再為愛浪費，沒有眼淚愛有多完美
愛走秀,"['逛精品店也可以逛潮牌 就像我對你的愛 多方位萬能發展 飛簷走壁很抱歉學不來 整天黏著你 帶你趴趴走 簡單', '愛的伸展台 溫柔是名牌 時尚到未來要你在 愛的 幸福聚光就現在 只為你獨家表演的愛', '走愛的秀 迷倒你       溫柔     走愛的秀 每一步       都中']",逛精品店也可以逛潮牌，就像我對你的愛，多方位萬能發展，飛簷走壁很抱歉學不來，整天黏著你，帶你趴趴走，簡單。愛的伸展台，溫柔是名牌，時尚到未來要你在，愛的，幸福聚光就現在，只為你獨家表演的愛。走愛的秀，迷倒你，溫柔，走愛的秀，每一步，都中
獨一無二Only You,"['怎麼妳三兩下就壞了我的原則 為妳訂做獨家癡情的角色 妳的快樂 全都是我的對策 越拿妳沒輒 越要妳見識我的獨特', '妳想學衝浪 陪妳曬成炭 還沒說要閃 絕對不想買單 想熱鬧晚餐 我用力幫妳揪團', '擋 擋 擋不住 愛慘了才酷 關 關 關不住 全天候的服務 藏 藏 藏不住 想霸佔的企圖 攔 攔 攔不住 中毒', '天乾物燥 小心 我愛的火燭', '是我為妳創下了好多新的規則 無所謂連自己都快不認得 要妳快樂 全都是我的政策 誰拿我沒輒 我偏要給妳我的獨特', '妳說妳怕胖 陪妳不吃飯 妳流一滴汗 我變出遮陽傘 不想出去玩 我兄弟暫時解散', '天乾物燥 小心 我愛的火燭', '我不在乎因為愛了妳 變一個樣 管他現在的我和我到底像不像', '要妳獨自欣賞我要妳獨自欣賞', '擋 擋 擋不住 愛慘了才酷 關 關 關不住 全天候的服務 藏 藏 藏不住 想霸佔的企圖 攔 攔 攔不住 中毒', '天乾物燥 小心 我愛的火燭']",怎麼妳三兩下就壞了我的原則，為妳訂做獨家癡情的角色，妳的快樂，全都是我的對策，越拿妳沒輒，越要妳見識我的獨特。妳想學衝浪，陪妳曬成炭，還沒說要閃，絕對不想買單，想熱鬧晚餐，我用力幫妳揪團。擋，擋，擋不住，愛慘了才酷，關，關，關不住，全天候的服務，藏，藏，藏不住，想霸佔的企圖，攔，攔，攔不住，中毒。天乾物燥，小心，我愛的火燭。是我為妳創下了好多新的規則，無所謂連自己都快不認得，要妳快樂，全都是我的政策，誰拿我沒輒，我偏要給妳我的獨特。妳說妳怕胖，陪妳不吃飯，妳流一滴汗，我變出遮陽傘，不想出去玩，我兄弟暫時解散。天乾物燥，小心，我愛的火燭。我不在乎因為愛了妳，變一個樣，管他現在的我和我到底像不像。要妳獨自欣賞我要妳獨自欣賞。擋，擋，擋不住，愛慘了才酷，關，關，關不住，全天候的服務，藏，藏，藏不住，想霸佔的企圖，攔，攔，攔不住，中毒。天乾物燥，小心，我愛的火燭
美麗的誤會,"['一個人關著燈在沙發上賴著 想我們反反覆覆爭吵的那些藉口 想我們開開心心喜歡對方的理由 關了燈卻讓我看得更清楚傷口', '我真的愛妳 沒有妳沒有動力往前衝 妳很愛我 沒有我妳也變得魂不守舍', '相愛的人卻在拉扯     扯出我們的隔閡', '別亂猜  別亂猜 美麗的誤會讓我們 越愛越像陌生人', '別放開  別放開 讓我們用力擁抱著 誤會慢慢融化了 慢慢消失了', '我的幸福不能 沒妳的手牽著 我的未來不可以 沒有妳陪伴著 愛其實可以很單純很快樂    再給我妳迷人的笑容']",一個人關著燈在沙發上賴著，想我們反反覆覆爭吵的那些藉口，想我們開開心心喜歡對方的理由，關了燈卻讓我看得更清楚傷口。我真的愛妳，沒有妳沒有動力往前衝，妳很愛我，沒有我妳也變得魂不守舍。相愛的人卻在拉扯，扯出我們的隔閡。別亂猜，別亂猜，美麗的誤會讓我們，越愛越像陌生人。別放開，別放開，讓我們用力擁抱著，誤會慢慢融化了，慢慢消失了。我的幸福不能，沒妳的手牽著，我的未來不可以，沒有妳陪伴著，愛其實可以很單純很快樂，再給我妳迷人的笑容
拼什麼,"['我在拼 什麼 在意什麼最多', '人群走了燈光不再場地凌亂 太多情緒鹹得像汗想停很難 諷刺懷疑總是很酸一路糾纏 冷眼冷語不看不管心卻敏感', '路燈擦亮午夜車窗 像淚光閃閃 想要跟誰溫暖地交談 卻只有 我和孤單 早上匆匆忙忙出門時 好在有燈忘了關 像誰堅持等了整夜要給我陪伴', '有些時候我會做夢 盼望 回過頭妳在身後 溫柔看我 沒有不快樂 沒有逼我做抉擇 懂我拼什麼 懂我最寶貝妳了 懂妳讓我 多 痛']",我在拼，什麼，在意什麼最多。人群走了燈光不再場地凌亂，太多情緒鹹得像汗想停很難，諷刺懷疑總是很酸一路糾纏，冷眼冷語不看不管心卻敏感。路燈擦亮午夜車窗，像淚光閃閃，想要跟誰溫暖地交談，卻只有，我和孤單，早上匆匆忙忙出門時，好在有燈忘了關，像誰堅持等了整夜要給我陪伴。有些時候我會做夢，盼望，回過頭妳在身後，溫柔看我，沒有不快樂，沒有逼我做抉擇，懂我拼什麼，懂我最寶貝妳了，懂妳讓我，多，痛
TOUCH MY HEART,"['是她 就是她 兇手是她 把我的心綁架 要我拿愛 交換', '她很傻 她真傻 她真的傻 愛早就放在那 毫無保留 給她', '模仿她說話 表情誇張 吃飯不加辣 我慢慢也被她同化 吃蛋糕也裝驚訝', '心像冰淇淋漸漸融化', '是她吧 是我吧 巧合吧 每天造型很搭 默契好到爆炸', '模仿我搞笑 像個傻瓜 說著冷笑話 她慢慢也被我同化 臥蠶跟我一樣大', '心被她甜蜜微笑秒殺', '她像我我像她 就讓 愛把我們同化']",是她，就是她，兇手是她，把我的心綁架，要我拿愛，交換。她很傻，她真傻，她真的傻，愛早就放在那，毫無保留，給她。模仿她說話，表情誇張，吃飯不加辣，我慢慢也被她同化，吃蛋糕也裝驚訝。心像冰淇淋漸漸融化。是她吧，是我吧，巧合吧，每天造型很搭，默契好到爆炸。模仿我搞笑，像個傻瓜，說著冷笑話，她慢慢也被我同化，臥蠶跟我一樣大。心被她甜蜜微笑秒殺。她像我我像她，就讓，愛把我們同化
舞所遁形,"['這已經 清楚到 不叫做線索 每一個 小動作 我不信妳真的看不懂 有些話 幹嘛非要明說 我的愛 十年功 我可不是哪個小囉囉', '呼吸太沈重 含愛量過濃 肩膀打哆嗦 是愛得太火', '還要我 遵循傳統 未免顯得太弱 嘴巴上 扯一扯 男人會說真的信不過 師父說 男人少說多做 把掌心 搓一搓 溫度剛好能牽妳的手', '心跳太激動 含愛量過濃 關節有節奏 是愛得太火', '緊要關頭選擇沉默 不是要立地成佛 身體裡 太多騷動太多激動太多衝動 變化成每一個動作 都為妳 放手一搏 一搏 一搏']",這已經，清楚到，不叫做線索，每一個，小動作，我不信妳真的看不懂，有些話，幹嘛非要明說，我的愛，十年功，我可不是哪個小囉囉。呼吸太沈重，含愛量過濃，肩膀打哆嗦，是愛得太火。還要我，遵循傳統，未免顯得太弱，嘴巴上，扯一扯，男人會說真的信不過，師父說，男人少說多做，把掌心，搓一搓，溫度剛好能牽妳的手。心跳太激動，含愛量過濃，關節有節奏，是愛得太火。緊要關頭選擇沉默，不是要立地成佛，身體裡，太多騷動太多激動太多衝動，變化成每一個動作，都為妳，放手一搏，一搏，一搏
怕安靜,"['我又幫自己 訂了場電影 結果坐在廣場找你背影 人來了又去 我好懷念遲到有人會發脾氣', '手機有收訊 簡訊不是你 打開了更讓人失望到底 你走就走吧 幹嘛留下每天沒看完的韓劇', '我想我真的怕安靜 少了你吵我不開心 回家第一個開機 掩蓋所有的安靜 說不定我能夠撐過去', '我想我真的怕安靜 連洗澡都要戴耳機 打電動聲東擊西 一停我又怕想起 唸我和愛我的人 我沒珍惜', '你愛的歌手 又出了專輯 一樣好聽 可是特別痛心 歌詞每一句 根本辦不到還硬勸我要放棄', '我想我真的怕安靜 連洗澡都要戴耳機 打電動聲東擊西 一停我又怕想起 唸我和愛我的人 我沒珍惜', '把鬧鐘 設不停 或許我 會清醒 我想等下去可惜愛不能靠毅力', '要是我 挽回你 你一定 更傷心 愛一個人不一定要永遠在一起', '真的怕安靜 不想去也硬要出去 逛鬧區到 點你必點的歌曲 怎麼合唱的人不是你', '原來我這麼怕安靜 是怕再也聽不到你 在廚房大聲唱歌 在沙發硬跟我擠 讓我終於曉得 我有多愛你 你已不再這裡']",我又幫自己，訂了場電影，結果坐在廣場找你背影，人來了又去，我好懷念遲到有人會發脾氣。手機有收訊，簡訊不是你，打開了更讓人失望到底，你走就走吧，幹嘛留下每天沒看完的韓劇。我想我真的怕安靜，少了你吵我不開心，回家第一個開機，掩蓋所有的安靜，說不定我能夠撐過去。我想我真的怕安靜，連洗澡都要戴耳機，打電動聲東擊西，一停我又怕想起，唸我和愛我的人，我沒珍惜。你愛的歌手，又出了專輯，一樣好聽，可是特別痛心，歌詞每一句，根本辦不到還硬勸我要放棄。我想我真的怕安靜，連洗澡都要戴耳機，打電動聲東擊西，一停我又怕想起，唸我和愛我的人，我沒珍惜。把鬧鐘，設不停，或許我，會清醒，我想等下去可惜愛不能靠毅力。要是我，挽回你，你一定，更傷心，愛一個人不一定要永遠在一起。真的怕安靜，不想去也硬要出去，逛鬧區到，點你必點的歌曲，怎麼合唱的人不是你。原來我這麼怕安靜，是怕再也聽不到你，在廚房大聲唱歌，在沙發硬跟我擠，讓我終於曉得，我有多愛你，你已不再這裡
強出頭,"['忠實地讀著 星座預言 總是選擇性接受 解釋心裡的迷惑 卻逃避 自己犯下什麼錯', '我愛妳 每多一天 越不願 承認妳不能愛我 看不見 聽不見 我對我 在催眠 彷彿一切沒變過', '愛是頑固的意念 反覆斷裂又復原 像一個 姓名地址寫錯的包裹 再也寄不到 我也沒資格保留我也不應該為你守候', '怪我強出頭 非要撐到最後 是我不夠成熟 不死心 還想逗留 謝謝妳沒有 說破 這個故事 主角不是我', '恨自己那麼怕寂寞 想為你作的事好多 明知你要的只是 朋友的溫暖 但我總是給成愛 妳幸福了沒有 是與我無關的夢']",忠實地讀著，星座預言，總是選擇性接受，解釋心裡的迷惑，卻逃避，自己犯下什麼錯。我愛妳，每多一天，越不願，承認妳不能愛我，看不見，聽不見，我對我，在催眠，彷彿一切沒變過。愛是頑固的意念，反覆斷裂又復原，像一個，姓名地址寫錯的包裹，再也寄不到，我也沒資格保留我也不應該為你守候。怪我強出頭，非要撐到最後，是我不夠成熟，不死心，還想逗留，謝謝妳沒有，說破，這個故事，主角不是我。恨自己那麼怕寂寞，想為你作的事好多，明知你要的只是，朋友的溫暖，但我總是給成愛，妳幸福了沒有，是與我無關的夢
獨一無二Only You,"['怎麼妳三兩下就壞了我的原則    為妳訂做獨家癡情的角色 妳的快樂 全都是我的對策      越拿妳沒輒  越要妳見識我的獨特', '妳想學衝浪  陪妳曬成炭 還沒說要閃  絕對不想買單 想熱鬧晚餐  我用力幫妳揪團', '擋 擋 擋不住  愛慘了才酷 關 關 關不住  全天候的服務 藏 藏 藏不住 想霸佔的企圖 攔 攔 攔不住 中毒', '天乾物燥  小心 我愛的火燭', '是我為妳創下了好多新的規則   無所謂連自己都快不認得 要妳快樂   全都是我的政策     誰拿我沒輒  我偏要給妳我的獨特 妳說妳怕胖   陪妳不吃飯     妳流一滴汗  我變出遮陽傘 不想出去玩  我兄弟暫時解散', '天乾物燥 小心 我愛的火燭', '我不在乎因為愛了妳 變一個樣 管他現在的我和我到底像不像', '要妳獨自欣賞我要妳獨自欣賞', '擋 擋 擋不住 愛慘了才酷 關 關 關不住 全天候的服務 藏 藏 藏不住 想霸佔的企圖 攔 攔 攔不住 中毒', '天乾物燥 小心 我愛的火燭']",怎麼妳三兩下就壞了我的原則，為妳訂做獨家癡情的角色，妳的快樂，全都是我的對策，越拿妳沒輒，越要妳見識我的獨特。妳想學衝浪，陪妳曬成炭，還沒說要閃，絕對不想買單，想熱鬧晚餐，我用力幫妳揪團。擋，擋，擋不住，愛慘了才酷，關，關，關不住，全天候的服務，藏，藏，藏不住，想霸佔的企圖，攔，攔，攔不住，中毒。天乾物燥，小心，我愛的火燭。是我為妳創下了好多新的規則，無所謂連自己都快不認得，要妳快樂，全都是我的政策，誰拿我沒輒，我偏要給妳我的獨特，妳說妳怕胖，陪妳不吃飯，妳流一滴汗，我變出遮陽傘，不想出去玩，我兄弟暫時解散。天乾物燥，小心，我愛的火燭。我不在乎因為愛了妳，變一個樣，管他現在的我和我到底像不像。要妳獨自欣賞我要妳獨自欣賞。擋，擋，擋不住，愛慘了才酷，關，關，關不住，全天候的服務，藏，藏，藏不住，想霸佔的企圖，攔，攔，攔不住，中毒。天乾物燥，小心，我愛的火燭
美麗的誤會,"['一個人關著燈在沙發上賴著 想我們反反覆覆爭吵的那些藉口 想我們開開心心喜歡對方的理由 關了燈卻讓我看得更清楚傷口', '我真的愛妳 沒有妳沒有動力往前衝 妳很愛我 沒有我妳也變得魂不守舍', '相愛的人卻在拉扯     扯出我們的隔閡', '別亂猜   別亂猜 美麗的誤會讓我們 越愛越像陌生人', '別放開   別放開 讓我們用力擁抱著 誤會慢慢融化了 慢慢消失了', '我的幸福不能  沒妳的手牽著 我的未來不可以 沒有妳陪伴著 愛其實可以很單純很快樂       再給我妳迷人的笑容']",一個人關著燈在沙發上賴著，想我們反反覆覆爭吵的那些藉口，想我們開開心心喜歡對方的理由，關了燈卻讓我看得更清楚傷口。我真的愛妳，沒有妳沒有動力往前衝，妳很愛我，沒有我妳也變得魂不守舍。相愛的人卻在拉扯，扯出我們的隔閡。別亂猜，別亂猜，美麗的誤會讓我們，越愛越像陌生人。別放開，別放開，讓我們用力擁抱著，誤會慢慢融化了，慢慢消失了。我的幸福不能，沒妳的手牽著，我的未來不可以，沒有妳陪伴著，愛其實可以很單純很快樂，再給我妳迷人的笑容
拼什麼,"['我在拼 什麼 在意什麼最多', '人群走了燈光不再場地凌亂 太多情緒鹹得像汗想停很難 諷刺懷疑總是很酸一路糾纏 冷眼冷語不看不管心卻敏感', '路燈擦亮午夜車窗 像淚光閃閃 想要跟誰溫暖地交談 卻只有 我和孤單 早上匆匆忙忙出門時 好在有燈忘了關 像誰堅持等了整夜要給我陪伴', '我在拼 什麼 在意什麼最多 為了什麼又累又寂寞 不怕別人誤會了 就怕最在乎的人 也不想懂', '有些時候我會做夢 盼望 回過頭妳在身後 溫柔看我 沒有不快樂 沒有逼我做抉擇 懂我拼什麼 懂我最寶貝妳了', '路燈擦亮午夜車窗 像淚光閃閃 想要跟誰溫暖地交談 卻只有 我和孤單 早上匆匆忙忙出門時 好在有燈忘了關 像誰堅持等了整夜要給我陪伴', '我在拼 什麼 在意什麼最多 為了什麼又累又寂寞 不怕別人誤會了 就怕最在乎的人 也不想懂', '有些時候我會做夢 盼望 回過頭妳在身後 溫柔看我 沒有不快樂 沒有逼我做抉擇 懂我拼什麼 懂我最寶貝妳了', '懂妳讓我 多 痛']",我在拼，什麼，在意什麼最多。人群走了燈光不再場地凌亂，太多情緒鹹得像汗想停很難，諷刺懷疑總是很酸一路糾纏，冷眼冷語不看不管心卻敏感。路燈擦亮午夜車窗，像淚光閃閃，想要跟誰溫暖地交談，卻只有，我和孤單，早上匆匆忙忙出門時，好在有燈忘了關，像誰堅持等了整夜要給我陪伴。我在拼，什麼，在意什麼最多，為了什麼又累又寂寞，不怕別人誤會了，就怕最在乎的人，也不想懂。有些時候我會做夢，盼望，回過頭妳在身後，溫柔看我，沒有不快樂，沒有逼我做抉擇，懂我拼什麼，懂我最寶貝妳了。路燈擦亮午夜車窗，像淚光閃閃，想要跟誰溫暖地交談，卻只有，我和孤單，早上匆匆忙忙出門時，好在有燈忘了關，像誰堅持等了整夜要給我陪伴。我在拼，什麼，在意什麼最多，為了什麼又累又寂寞，不怕別人誤會了，就怕最在乎的人，也不想懂。有些時候我會做夢，盼望，回過頭妳在身後，溫柔看我，沒有不快樂，沒有逼我做抉擇，懂我拼什麼，懂我最寶貝妳了。懂妳讓我，多，痛
TOUCH MY HEART,"['是她  就是她  兇手是她 把我的心綁架 要我拿愛  交換', '她很傻  她真傻  她真的傻 愛早就放在那 毫無保留  給她', '模仿她說話  表情誇張  吃飯不加辣 我慢慢也被她同化 吃蛋糕也裝驚訝', '心像冰淇淋漸漸融化', '是她吧  是我吧  巧合吧 每天造型很搭 默契好到爆炸', '模仿我搞笑  像個傻瓜  說著冷笑話 她慢慢也被我同化 臥蠶跟我一樣大', '心被她甜蜜微笑秒殺', '她像我我像她  就讓 愛把我們同化']",是她，就是她，兇手是她，把我的心綁架，要我拿愛，交換。她很傻，她真傻，她真的傻，愛早就放在那，毫無保留，給她。模仿她說話，表情誇張，吃飯不加辣，我慢慢也被她同化，吃蛋糕也裝驚訝。心像冰淇淋漸漸融化。是她吧，是我吧，巧合吧，每天造型很搭，默契好到爆炸。模仿我搞笑，像個傻瓜，說著冷笑話，她慢慢也被我同化，臥蠶跟我一樣大。心被她甜蜜微笑秒殺。她像我我像她，就讓，愛把我們同化
舞所遁形,"['這已經  清楚到 不叫做線索 每一個  小動作 我不信妳真的看不懂 有些話  幹嘛非要明說 我的愛 十年功 我可不是哪個小囉囉', '呼吸太沉重 含愛量過濃 肩膀打哆嗦 是愛得太火', '還要我  遵循傳統  未免顯得太弱 嘴巴上  扯一扯 男人會說真的信不過 師父說  男人少說多做 把掌心  搓一搓 溫度剛好能牽妳的手', '心跳太激動   含愛量過濃      關節有節奏   是愛得太火', '緊要關頭選擇沉默  不是要立地成佛 身體裡 太多騷動太多激動太多衝動 變化成每一個動作  都為妳 放手一搏  一搏  一搏']",這已經，清楚到，不叫做線索，每一個，小動作，我不信妳真的看不懂，有些話，幹嘛非要明說，我的愛，十年功，我可不是哪個小囉囉。呼吸太沉重，含愛量過濃，肩膀打哆嗦，是愛得太火。還要我，遵循傳統，未免顯得太弱，嘴巴上，扯一扯，男人會說真的信不過，師父說，男人少說多做，把掌心，搓一搓，溫度剛好能牽妳的手。心跳太激動，含愛量過濃，關節有節奏，是愛得太火。緊要關頭選擇沉默，不是要立地成佛，身體裡，太多騷動太多激動太多衝動，變化成每一個動作，都為妳，放手一搏，一搏，一搏
怕安靜,"['我又幫自己 訂了場電影 結果坐在廣場找你背影 人來了又去 我好懷念遲到有人會發脾氣', '手機有收訊 簡訊不是你 打開了更讓人失望到底 你走就走吧 幹嘛留下每天沒看完的韓劇', '我想我真的怕安靜 少了你吵我不開心 回家第一個開機 掩蓋所有的安靜 說不定我能夠撐過去', '我想我真的怕安靜 連洗澡都要戴耳機 打電動聲東擊西 一停我又怕想起 唸我和愛我的人 我沒珍惜', '你愛的歌手 又出了專輯 一樣好聽 可是特別痛心 歌詞每一句 根本辦不到還硬勸我要放棄', '我想我真的怕安靜 連洗澡都要戴耳機 打電動聲東擊西 一停我又怕想起 唸我和愛我的人 我沒珍惜', '把鬧鐘 設不停 或許我 會清醒 我想等下去可惜愛不能靠毅力', '要是我 挽回你 你一定 更傷心 愛一個人不一定要永遠在一起', '真的怕安靜 不想去也硬要出去 逛鬧區到 點你必點的歌曲 怎麼合唱的人不是你', '原來我這麼怕安靜 是怕再也聽不到你 在廚房大聲唱歌 在沙發硬跟我擠 讓我終於曉得 我有多愛你 你已不在這裡']",我又幫自己，訂了場電影，結果坐在廣場找你背影，人來了又去，我好懷念遲到有人會發脾氣。手機有收訊，簡訊不是你，打開了更讓人失望到底，你走就走吧，幹嘛留下每天沒看完的韓劇。我想我真的怕安靜，少了你吵我不開心，回家第一個開機，掩蓋所有的安靜，說不定我能夠撐過去。我想我真的怕安靜，連洗澡都要戴耳機，打電動聲東擊西，一停我又怕想起，唸我和愛我的人，我沒珍惜。你愛的歌手，又出了專輯，一樣好聽，可是特別痛心，歌詞每一句，根本辦不到還硬勸我要放棄。我想我真的怕安靜，連洗澡都要戴耳機，打電動聲東擊西，一停我又怕想起，唸我和愛我的人，我沒珍惜。把鬧鐘，設不停，或許我，會清醒，我想等下去可惜愛不能靠毅力。要是我，挽回你，你一定，更傷心，愛一個人不一定要永遠在一起。真的怕安靜，不想去也硬要出去，逛鬧區到，點你必點的歌曲，怎麼合唱的人不是你。原來我這麼怕安靜，是怕再也聽不到你，在廚房大聲唱歌，在沙發硬跟我擠，讓我終於曉得，我有多愛你，你已不在這裡
Show Time,"['搭上開往             沒有人認識今天晚上的我          我可是台灣代表          最看不灌別人嗆我亂來               沒有錯 在我的舞台上 跟一起來                                在這裡  大家準備好要開始唷   麥克風           麥克風                把手舉起來 來吧 把手舉起來            沒有自信的人 請走開       看見真實的幻覺                好玩嗎無聊吧一定很好玩吧                   現在這個時刻就是', '上啊下啊跳啊 啊      你啊我啊做陣 啊      上啊下啊跳啊 啊', '上啊下啊跳啊 啊      你啊我啊作陣 啊      上啊下啊跳啊 啊', '我的汗流有了幾斤 我一直動一直動不停 跟著我一起深呼吸 我要繼續直到沒氣 喔 耶', '叮叮這個大鼓叮叮這個小鼓                    這是  懂嗎這個地方已經能算是我家 我的媽媽就已經比你強誰要跟我尬呀誰要跟我尬 這是  台免驚別這麼瞎跟著我的拍子把頭點到變傻瓜 你的褲子是夠垮 只要你不要皮皮ㄘㄨㄚˋ', '上啊下啊跳啊 啊      你啊我啊作啊 啊      上啊下啊跳啊 啊']",搭上開往，沒有人認識今天晚上的我，我可是台灣代表，最看不灌別人嗆我亂來，沒有錯，在我的舞台上，跟一起來，在這裡，大家準備好要開始唷，麥克風，麥克風，把手舉起來，來吧，把手舉起來，沒有自信的人，請走開，看見真實的幻覺，好玩嗎無聊吧一定很好玩吧，現在這個時刻就是。上啊下啊跳啊，啊，你啊我啊做陣，啊，上啊下啊跳啊，啊。上啊下啊跳啊，啊，你啊我啊作陣，啊，上啊下啊跳啊，啊。我的汗流有了幾斤，我一直動一直動不停，跟著我一起深呼吸，我要繼續直到沒氣，喔，耶。叮叮這個大鼓叮叮這個小鼓，這是，懂嗎這個地方已經能算是我家，我的媽媽就已經比你強誰要跟我尬呀誰要跟我尬，這是，台免驚別這麼瞎跟著我的拍子把頭點到變傻瓜，你的褲子是夠垮，只要你不要皮皮ㄘㄨㄚˋ。上啊下啊跳啊，啊，你啊我啊作啊，啊，上啊下啊跳啊，啊
愛* 轉角,"['我偽裝著 不露痕跡的 想在你身邊 靜靜的陪著看著天邊 騎著單車 往前行進著 某個路口 愛在等著', '你往前走 不回頭看了 記憶的笑臉 緩緩的敲著 我的琴鍵 我不捨得 讓你孤單單的 我愛你的 心牽掛著', '心不再拚命躲 不去害怕結果 假設有個以後 你會怎麼說 一直想跟你說 幸福不再溜走 下個路口 你會看見愛 有美麗笑容', '愛轉角遇見了誰 是否有愛情的美 愛轉角以後的街 能不能有我來陪 愛轉角遇見了誰 是否不讓你流淚', '心不再拚命躲 不去害怕結果 假設有個以後 你會怎麼說 一直想跟你說 幸福不再溜走 下個路口 你會看見愛 有美麗笑容', '愛轉角遇見了誰 是否有愛情的美 愛轉角以後的街 能不能有我來陪 愛轉角遇見了誰 是否不讓你流淚', '也許陌生到了解 讓我來當你的誰 我不讓愛掉眼淚不讓愛掉眼淚 不讓你掉眼淚不讓你掉眼淚 現在永遠 你就是我 就是我的美', '愛轉角遇見了誰 是否有愛情的美 愛轉角以後的街 能不能有我來陪 愛轉角遇見了誰 是否不讓你流淚', '將寂寞孤單作廢 讓我來當你的誰 我不讓愛掉眼淚不讓愛掉眼淚 不讓你掉眼淚不讓你掉眼淚 現在永遠 你就是我 就是我的美']",我偽裝著，不露痕跡的，想在你身邊，靜靜的陪著看著天邊，騎著單車，往前行進著，某個路口，愛在等著。你往前走，不回頭看了，記憶的笑臉，緩緩的敲著，我的琴鍵，我不捨得，讓你孤單單的，我愛你的，心牽掛著。心不再拚命躲，不去害怕結果，假設有個以後，你會怎麼說，一直想跟你說，幸福不再溜走，下個路口，你會看見愛，有美麗笑容。愛轉角遇見了誰，是否有愛情的美，愛轉角以後的街，能不能有我來陪，愛轉角遇見了誰，是否不讓你流淚。心不再拚命躲，不去害怕結果，假設有個以後，你會怎麼說，一直想跟你說，幸福不再溜走，下個路口，你會看見愛，有美麗笑容。愛轉角遇見了誰，是否有愛情的美，愛轉角以後的街，能不能有我來陪，愛轉角遇見了誰，是否不讓你流淚。也許陌生到了解，讓我來當你的誰，我不讓愛掉眼淚不讓愛掉眼淚，不讓你掉眼淚不讓你掉眼淚，現在永遠，你就是我，就是我的美。愛轉角遇見了誰，是否有愛情的美，愛轉角以後的街，能不能有我來陪，愛轉角遇見了誰，是否不讓你流淚。將寂寞孤單作廢，讓我來當你的誰，我不讓愛掉眼淚不讓愛掉眼淚，不讓你掉眼淚不讓你掉眼淚，現在永遠，你就是我，就是我的美
狐狸精,"['不要以為我沒發現 你又偷偷跑去跟她見面 不要問我什麼意見 你的眼神明明就是有鬼 我的警告這是最後一遍 如果你還一樣不知檢點 跟那隻狐狸精閃一邊離開我的視線', '又怎麼了我的大小姐不必諂媚 我不過是去喝杯咖啡鬼話連篇 電話不接還擺張臭臉看你表現 你不要又來藉題發揮', '狐狸精她太不要臉 陰魂不散真的 討厭會嗎 走在路上不管是誰她都一樣亂拋 媚眼怎樣 我的警告這是最後一遍 如果你要分手我也隨便 你最好快認錯快道歉 不要再裝可憐', '不要再拿分手當威脅誰又怕誰 整天把狐狸精掛嘴邊是她犯賤 反省一下是你小心眼你不要臉 還是嫉妒她比你更美', '因為你每次都愛大驚小怪 自己亂想亂掰 懷疑我的清白', '是你不知好歹', '她以為她自己很美 男人看了都會為她心碎有嗎 我是越看越不順眼 你到底要站在誰那一邊中間 我的警告這是最後一遍 如果你還一樣不知檢點 跟那隻狐狸精閃一邊離開我的視線', '實在會氣到七竅生煙算你倒楣 只想要直接給你一拳你想的美 丟到外太空去吃大便你豬八戒 眼不見為淨比較乾脆', '狐狸精狐狸精狐狸精真是討厭 狐狸精狐狸精狐狸精快滾一邊 狐狸精狐狸精我就是看不順眼 狐狸精狐狸精狐狸精我最討厭', '啊 賣擱碎碎唸 賣擱碎碎唸哼 賣擱碎碎唸 賣擱碎碎唸哼 賣擱碎碎唸 賣擱碎碎唸啊 賣擱碎碎唸 我無想要聽阿答']",不要以為我沒發現，你又偷偷跑去跟她見面，不要問我什麼意見，你的眼神明明就是有鬼，我的警告這是最後一遍，如果你還一樣不知檢點，跟那隻狐狸精閃一邊離開我的視線。又怎麼了我的大小姐不必諂媚，我不過是去喝杯咖啡鬼話連篇，電話不接還擺張臭臉看你表現，你不要又來藉題發揮。狐狸精她太不要臉，陰魂不散真的，討厭會嗎，走在路上不管是誰她都一樣亂拋，媚眼怎樣，我的警告這是最後一遍，如果你要分手我也隨便，你最好快認錯快道歉，不要再裝可憐。不要再拿分手當威脅誰又怕誰，整天把狐狸精掛嘴邊是她犯賤，反省一下是你小心眼你不要臉，還是嫉妒她比你更美。因為你每次都愛大驚小怪，自己亂想亂掰，懷疑我的清白。是你不知好歹。她以為她自己很美，男人看了都會為她心碎有嗎，我是越看越不順眼，你到底要站在誰那一邊中間，我的警告這是最後一遍，如果你還一樣不知檢點，跟那隻狐狸精閃一邊離開我的視線。實在會氣到七竅生煙算你倒楣，只想要直接給你一拳你想的美，丟到外太空去吃大便你豬八戒，眼不見為淨比較乾脆。狐狸精狐狸精狐狸精真是討厭，狐狸精狐狸精狐狸精快滾一邊，狐狸精狐狸精我就是看不順眼，狐狸精狐狸精狐狸精我最討厭。啊，賣擱碎碎唸，賣擱碎碎唸哼，賣擱碎碎唸，賣擱碎碎唸哼，賣擱碎碎唸，賣擱碎碎唸啊，賣擱碎碎唸，我無想要聽阿答
敢不敢,"['你知道我正在看著你  你知道愛就發生在這一刻 你知道我將會讓你   你必須愛我的壞 愛的世界總在迎接許多意外你那麼ㄍ一ㄥ像在拓荒的時代 迷了路的你倔強的女孩', '愛的治安其實沒有那麼的壞你別在我自我介紹之前就說  你只是還不習慣我這樣示愛  敢不敢和我玩一場單挑的愛情決戰 就像刺激的俄羅斯輪盤 別害怕 我的規則其實很簡單就只有你喜不喜歡快選擇答案', '敢不敢到我的懷敢不敢讓你自己被疼愛 敢不敢     愛不賴就怕你不敢', '敢不敢到我的懷敢不敢讓你自己被疼愛 敢不敢     我們會非常的愉快', '愛了我們就要 不要被煩惱出賣你敢不敢賭注你的將來 把你的想法說出來別隱瞞你的期待', '你敢不敢愛我的壞 一種讓你快樂的壞 敢不敢讓你自己被疼愛 你值得被疼愛 敢不敢   我們會非常的非常的愉快 敢不敢到我的懷敢不敢讓你自己被疼愛 敢不敢     愛不賴就怕你不敢我們會非常的愉快', '你敢不敢戀愛']",你知道我正在看著你，你知道愛就發生在這一刻，你知道我將會讓你，你必須愛我的壞，愛的世界總在迎接許多意外你那麼ㄍ一ㄥ像在拓荒的時代，迷了路的你倔強的女孩。愛的治安其實沒有那麼的壞你別在我自我介紹之前就說，你只是還不習慣我這樣示愛，敢不敢和我玩一場單挑的愛情決戰，就像刺激的俄羅斯輪盤，別害怕，我的規則其實很簡單就只有你喜不喜歡快選擇答案。敢不敢到我的懷敢不敢讓你自己被疼愛，敢不敢，愛不賴就怕你不敢。敢不敢到我的懷敢不敢讓你自己被疼愛，敢不敢，我們會非常的愉快。愛了我們就要，不要被煩惱出賣你敢不敢賭注你的將來，把你的想法說出來別隱瞞你的期待。你敢不敢愛我的壞，一種讓你快樂的壞，敢不敢讓你自己被疼愛，你值得被疼愛，敢不敢，我們會非常的非常的愉快，敢不敢到我的懷敢不敢讓你自己被疼愛，敢不敢，愛不賴就怕你不敢我們會非常的愉快。你敢不敢戀愛
幸福獵人,"['寶貝 你就像迷人的蜂蜜也許我想這樣吃掉你 我想佈下愛情陷阱等待時機等你靠近 不要逃開不要覺得我帥一定認為我就很壞  不要害怕不要覺得尷尬跟我浪漫著每一夜', '秀出獵人電流 給你快樂我最拿手    不想欲擒故縱 幸福紅心直接命中', '秀出獵人電流 戀愛達人不是說說    好朋友男朋友 不管別人想怎麼說']",寶貝，你就像迷人的蜂蜜也許我想這樣吃掉你，我想佈下愛情陷阱等待時機等你靠近，不要逃開不要覺得我帥一定認為我就很壞，不要害怕不要覺得尷尬跟我浪漫著每一夜。秀出獵人電流，給你快樂我最拿手，不想欲擒故縱，幸福紅心直接命中。秀出獵人電流，戀愛達人不是說說，好朋友男朋友，不管別人想怎麼說
幾分,"['不管昨天你對我說過了什麼 今天的我還是依然依然沉默 兩個人生氣著看著誰先捨不得 何必這樣來試探我們的緣份', '不管昨天我對你說過了什麼 今天的你還是依然依然自我 問著要到什麼時候才會覺得無法忍受 難道這樣才證明愛得有多深', '沒有值不值得當失去了有什麼好爭 就在轉身之後我的不捨有多麼的真', '所以愛有幾分這是你不停的疑問 你的心裡對我有多認真何必執著在我的部份 所以愛有幾分這是你永遠的疑問 只有最後一切才有定論', '只有最後一切才有定論']",不管昨天你對我說過了什麼，今天的我還是依然依然沉默，兩個人生氣著看著誰先捨不得，何必這樣來試探我們的緣份。不管昨天我對你說過了什麼，今天的你還是依然依然自我，問著要到什麼時候才會覺得無法忍受，難道這樣才證明愛得有多深。沒有值不值得當失去了有什麼好爭，就在轉身之後我的不捨有多麼的真。所以愛有幾分這是你不停的疑問，你的心裡對我有多認真何必執著在我的部份，所以愛有幾分這是你永遠的疑問，只有最後一切才有定論。只有最後一切才有定論
你是誰,"['不要讓我一直追一直一直追不上讓我一直缺一直一直缺 缺了一個人來陪缺了一個人來黏我的房間空的可憐 小狗大狗在交配一直一直吠小狗大狗養一堆比不上妹妹 我的浪漫和體貼我的俊美和智慧都浪費涼了半截 不要讓我一直追一直一直追不上讓我一直缺一直一直缺 缺了那個我的誰等著我的那個誰哪一天他才會出現 一天送一朵玫瑰夾在你耳邊一天種一個草莓在你的指間 幸運的寶貝是誰我已經準備齊全你是誰請快點出現', '我要帶你一起飛帶你跟我一起飛轉一圈 又一圈當神仙無時無刻都來嘴對嘴 我要告訴全世界我要給你全世界每一天 我的天太完美我的那個你是誰是誰']",不要讓我一直追一直一直追不上讓我一直缺一直一直缺，缺了一個人來陪缺了一個人來黏我的房間空的可憐，小狗大狗在交配一直一直吠小狗大狗養一堆比不上妹妹，我的浪漫和體貼我的俊美和智慧都浪費涼了半截，不要讓我一直追一直一直追不上讓我一直缺一直一直缺，缺了那個我的誰等著我的那個誰哪一天他才會出現，一天送一朵玫瑰夾在你耳邊一天種一個草莓在你的指間，幸運的寶貝是誰我已經準備齊全你是誰請快點出現。我要帶你一起飛帶你跟我一起飛轉一圈，又一圈當神仙無時無刻都來嘴對嘴，我要告訴全世界我要給你全世界每一天，我的天太完美我的那個你是誰是誰
這一秒我哭了,"['聽 輕輕唱了一首歌 是什麼旋律 讓我想起你 你 多麼冰冷的嘴唇 你決定真的要放手', '每一個夜好長 路走不完 和你去過的地方 多麼冷的夜 我習慣這樣的生活', '你 這一年還好嗎 總是擔心你的那個我 到底為什麼 這一秒我哭了 無法多看你的背影', '你 這一年還好嗎 總是擔心你的那個我 到底為什麼 這一秒我哭了 無法多看你的背影', '都已經失去了所有 那現在的我 還在等什麼 一個人紀念 聽著你最愛的歌 我只能在你電話裡留話', '我 到底再等什麼 總是擔心你的那個我 到底為什麼 這一秒我哭了 愛你的苦衷 沒有讓你快樂 為了一種感覺 停留']",聽，輕輕唱了一首歌，是什麼旋律，讓我想起你，你，多麼冰冷的嘴唇，你決定真的要放手。每一個夜好長，路走不完，和你去過的地方，多麼冷的夜，我習慣這樣的生活。你，這一年還好嗎，總是擔心你的那個我，到底為什麼，這一秒我哭了，無法多看你的背影。你，這一年還好嗎，總是擔心你的那個我，到底為什麼，這一秒我哭了，無法多看你的背影。都已經失去了所有，那現在的我，還在等什麼，一個人紀念，聽著你最愛的歌，我只能在你電話裡留話。我，到底再等什麼，總是擔心你的那個我，到底為什麼，這一秒我哭了，愛你的苦衷，沒有讓你快樂，為了一種感覺，停留
你說你的我說我的,"['太愛你把你佔為己有每天要打給你好多通 你說快受不了像這樣奪命連環摳 太擔心你被別人搶走一想到即將失去你的以後 反應過度的挽留不知道這反而把你傷透 也許我只是個不太懂愛的傢伙我的方式錯了 也許我只是個不太懂愛的傢伙我不夠成熟', '你說你的我說我的怎麼做才能算是溫柔 你說你的我說我的  吵架也是一種溝通 你說我的我說你的曾經也讓人又愛又痛 你說過的我說過的不好的通通往垃圾桶丟', '你說你的我說我的你說你的我說我的 你說我的我說你的你說你的我說我的', '你說你的我說我的怎麼做才能算是溫柔 你說你的我說我的  吵架也是一種溝通 你說我的我說你的曾經也讓人又愛又痛 你說過的我說過的不好的通通往垃圾桶丟', '你說你的我說我的嘟 你說我的我說你的嘟 你說你的']",太愛你把你佔為己有每天要打給你好多通，你說快受不了像這樣奪命連環摳，太擔心你被別人搶走一想到即將失去你的以後，反應過度的挽留不知道這反而把你傷透，也許我只是個不太懂愛的傢伙我的方式錯了，也許我只是個不太懂愛的傢伙我不夠成熟。你說你的我說我的怎麼做才能算是溫柔，你說你的我說我的，吵架也是一種溝通，你說我的我說你的曾經也讓人又愛又痛，你說過的我說過的不好的通通往垃圾桶丟。你說你的我說我的你說你的我說我的，你說我的我說你的你說你的我說我的。你說你的我說我的怎麼做才能算是溫柔，你說你的我說我的，吵架也是一種溝通，你說我的我說你的曾經也讓人又愛又痛，你說過的我說過的不好的通通往垃圾桶丟。你說你的我說我的嘟，你說我的我說你的嘟，你說你的
沒有你,"['我把回憶關進房間眼前不斷浮現有你陪我所有畫面 朋友說我變的沉默變的有些難過鄰居都聽見了寂寞 也許時間給的太少沒有珍惜你的好 城市太喧鬧你沒有聽到我不該把手放掉', '沒有了你沒有愛情什麼都已經是空氣 這些沒有你的日子沒有了自己 沒有了你沒有力氣孤單香水卻來襲 我想念你身上氣味請給我相互擁抱的機會 愛情如果都是微笑那多美好天亮的太早 再偷一秒想你的笑想聽你吵才發現思念發酵耶', '沒有了你沒有愛情什麼都已經是空氣 這些沒有你的日子沒有了自己 沒有了你沒有力氣孤單香水卻來襲 我想念你身上氣味請給我相互擁抱的機會']",我把回憶關進房間眼前不斷浮現有你陪我所有畫面，朋友說我變的沉默變的有些難過鄰居都聽見了寂寞，也許時間給的太少沒有珍惜你的好，城市太喧鬧你沒有聽到我不該把手放掉。沒有了你沒有愛情什麼都已經是空氣，這些沒有你的日子沒有了自己，沒有了你沒有力氣孤單香水卻來襲，我想念你身上氣味請給我相互擁抱的機會，愛情如果都是微笑那多美好天亮的太早，再偷一秒想你的笑想聽你吵才發現思念發酵耶。沒有了你沒有愛情什麼都已經是空氣，這些沒有你的日子沒有了自己，沒有了你沒有力氣孤單香水卻來襲，我想念你身上氣味請給我相互擁抱的機會
漫無目的,"['我的眼睛完全沒有焦距我的鼻孔忘了怎麼呼吸 我的衣服忘了怎麼整理漫無目的想著你 我的肌肉萎縮去了哪裡我又語無倫次口齒不清 我的思考開始沒有邏輯漫無目的都是你', '我的頭殼在發燒   除了你還能吃什麼藥  你佔了我的基地    沒有你漫無目的', '原來愛情如此神奇癱瘓我的所有神經 只剩我的生理反應一直持續在進行', '我的頭殼在發燒   除了你還能吃什麼藥   你佔了我的基地    沒有你漫無目的']",我的眼睛完全沒有焦距我的鼻孔忘了怎麼呼吸，我的衣服忘了怎麼整理漫無目的想著你，我的肌肉萎縮去了哪裡我又語無倫次口齒不清，我的思考開始沒有邏輯漫無目的都是你。我的頭殼在發燒，除了你還能吃什麼藥，你佔了我的基地，沒有你漫無目的。原來愛情如此神奇癱瘓我的所有神經，只剩我的生理反應一直持續在進行。我的頭殼在發燒，除了你還能吃什麼藥，你佔了我的基地，沒有你漫無目的
一無所有,"['我要等多久我要等多久 我等了多久任憑時間流過雖然習慣了寂寞 可是我的心中一直有個缺口繼續為誰完整保留 有一顆星星從海平面閃過他來到我家門口 而光芒是如此溫柔耀眼閃爍日日夜夜縈繞心頭', '除了你我一無所有我一無所有      只希望你能夠被我感動 當你感到脆弱的時候讓我在你身邊守候不放手      除了你我一無所有我一無所有      只要你能快樂我就足夠 幸福往往不一再等候相遇不一定能擁有我只想好好把握', ': 也許這個世界並沒有所謂的盡頭 只是我門為所有的不同尋求一個藉口 當你劃破我的黑夜讓我看見白晝 我怎能抓著寂寞不為你動容 當我閉上眼世界如此的廣闊 我不懂為什麼你讓黑夜如白晝 哪裡是宇宙的盡頭誰會和我到盡頭 不能僅抓著寂寞解答所有的失控']",我要等多久我要等多久，我等了多久任憑時間流過雖然習慣了寂寞，可是我的心中一直有個缺口繼續為誰完整保留，有一顆星星從海平面閃過他來到我家門口，而光芒是如此溫柔耀眼閃爍日日夜夜縈繞心頭。除了你我一無所有我一無所有，只希望你能夠被我感動，當你感到脆弱的時候讓我在你身邊守候不放手，除了你我一無所有我一無所有，只要你能快樂我就足夠，幸福往往不一再等候相遇不一定能擁有我只想好好把握。:，也許這個世界並沒有所謂的盡頭，只是我門為所有的不同尋求一個藉口，當你劃破我的黑夜讓我看見白晝，我怎能抓著寂寞不為你動容，當我閉上眼世界如此的廣闊，我不懂為什麼你讓黑夜如白晝，哪裡是宇宙的盡頭誰會和我到盡頭，不能僅抓著寂寞解答所有的失控
All For You 精華組曲(好朋友/ 愛* 轉角/ 戀愛達人/ 真命天子/ 精舞門),"['你說我比較像你的好朋友 只是不小心擁抱著 你道歉 你難過 於是我給你笑容 誰在乎我的心 還會不會寂寞', '你說過 我是你最好的朋友 卻不應該再擁抱著 你退縮 你冷漠 於是我放開雙手 不在乎我的心 會永遠的寂寞', '愛轉角遇見了誰 是否有愛情的美 愛轉角以後的街 能不能有我來陪 愛轉角遇見了誰 是否不讓你流淚 也許陌生到了解 讓我來當你的誰 我不讓愛掉眼淚 不讓你掉眼淚 現在永遠 你就是我 就是我的美', '就是你 請靠近我懷裡 別假裝不在意 我想我喜歡你   就是你 請說你也願意 我一直喜歡你 一直喜歡你', '戀愛達人的終點 就是追到你 沒有規則 這遊戲永遠繼續 不用躲避 因為沒有輸贏', '就是你 請靠近我懷裡 別假裝不在意 我想我喜歡你   就是你 請說你也願意', '我非常喜歡你 非常喜歡你', '沒有人說你不帥快彩排 老天會替你安排 準備比賽 遲早會找到真愛急不來 當她向你走過來 別再發呆', '把愛放出來', '我有一條特別了不起的神經 越跳越帶勁 無師自通任督二脈暢通無比 十八般武藝', '你行不行    別懷疑你自己的本領    我是冠軍', '你行不行    別懷疑你自己的本領    誰是冠軍']",你說我比較像你的好朋友，只是不小心擁抱著，你道歉，你難過，於是我給你笑容，誰在乎我的心，還會不會寂寞。你說過，我是你最好的朋友，卻不應該再擁抱著，你退縮，你冷漠，於是我放開雙手，不在乎我的心，會永遠的寂寞。愛轉角遇見了誰，是否有愛情的美，愛轉角以後的街，能不能有我來陪，愛轉角遇見了誰，是否不讓你流淚，也許陌生到了解，讓我來當你的誰，我不讓愛掉眼淚，不讓你掉眼淚，現在永遠，你就是我，就是我的美。就是你，請靠近我懷裡，別假裝不在意，我想我喜歡你，就是你，請說你也願意，我一直喜歡你，一直喜歡你。戀愛達人的終點，就是追到你，沒有規則，這遊戲永遠繼續，不用躲避，因為沒有輸贏。就是你，請靠近我懷裡，別假裝不在意，我想我喜歡你，就是你，請說你也願意。我非常喜歡你，非常喜歡你。沒有人說你不帥快彩排，老天會替你安排，準備比賽，遲早會找到真愛急不來，當她向你走過來，別再發呆。把愛放出來。我有一條特別了不起的神經，越跳越帶勁，無師自通任督二脈暢通無比，十八般武藝。你行不行，別懷疑你自己的本領，我是冠軍。你行不行，別懷疑你自己的本領，誰是冠軍
戀愛達人(A Specialist In Love),"['就是你 請靠近我懷裡 別假裝不在意 你明明動了心   就是你 請不要再猶豫 我們玩個遊戲 叫', '給你一分鐘 若還不行動 你就是沒種 裝再酷也是都沒用  你不會懂 我就是要你心急 我戀愛能力 可是達人的等級', '就是你 請靠近我懷裡 別假裝不在意 你明明動了心   就是你 請不要再猶豫 我們玩個遊戲 叫', '眼神不能在乎 態度若有似無 妳自然就會 跟我走 請上鉤 你到底行不行 盡玩無聊的招數 我看過的豬 可是達人的程度', '就是你 請靠近我懷裡 別假裝不在意 我可能喜歡你   就是你 請說你很開心 我有點喜歡你 有點喜歡你', '我已喜歡你           豬頭才會一直玩遊戲 耍心機', '就是你 請靠近我懷裡 別假裝不在意 我想我喜歡你   就是你 請說你也願意 我一直喜歡你 一直喜歡你', '就是你 請靠近我懷裡 別假裝不在意 我想我喜歡你 戀愛達人的終點 就是追到你 沒有規則 這遊戲永遠繼續 不用躲避 因為沒有輸贏     就是你 請說你也願意 我非常喜歡你 非常喜歡你       非常喜歡你']",就是你，請靠近我懷裡，別假裝不在意，你明明動了心，就是你，請不要再猶豫，我們玩個遊戲，叫。給你一分鐘，若還不行動，你就是沒種，裝再酷也是都沒用，你不會懂，我就是要你心急，我戀愛能力，可是達人的等級。就是你，請靠近我懷裡，別假裝不在意，你明明動了心，就是你，請不要再猶豫，我們玩個遊戲，叫。眼神不能在乎，態度若有似無，妳自然就會，跟我走，請上鉤，你到底行不行，盡玩無聊的招數，我看過的豬，可是達人的程度。就是你，請靠近我懷裡，別假裝不在意，我可能喜歡你，就是你，請說你很開心，我有點喜歡你，有點喜歡你。我已喜歡你，豬頭才會一直玩遊戲，耍心機。就是你，請靠近我懷裡，別假裝不在意，我想我喜歡你，就是你，請說你也願意，我一直喜歡你，一直喜歡你。就是你，請靠近我懷裡，別假裝不在意，我想我喜歡你，戀愛達人的終點，就是追到你，沒有規則，這遊戲永遠繼續，不用躲避，因為沒有輸贏，就是你，請說你也願意，我非常喜歡你，非常喜歡你，非常喜歡你
精舞門,"['預備起 行頭全部要帶齊 點名 準備 跟我上街去遊行  今天要證明 什麼舞通通都搞得定 跌爛你眼鏡 小老弟 年輕耍酷那一丁點本領 洗耳恭聽 快卯起來學習 大發善心 收徒弟 想要學習皮要繃緊 要跟我跟緊', '你行不行    別懷疑你自己的本領    我是冠軍', '我有一條特別了不起的神經 越跳越帶勁 無師自通任督二脈暢通無比 十八般武藝', '拎拎 聽說你想要報名 考慮 有沒有那根筋 我看一眼就搞定 凡事都要照規定 精舞門裡什麼都ㄍ一ㄥ 不浪得虛名 不能亂吃冰淇淋 矇眼睛 對待所有的敵人 都尊敬 大半夜上床戴耳機 節奏當催眠的聲音 作夢都不停', '你行不行    別懷疑你自己的本領    我是冠軍', '我有一條特別了不起的神經 越跳越帶勁 無師自通任督二脈暢通無比 十八般武藝', '你行不行    別懷疑你自己的本領    我是冠軍', '你行不行    別懷疑你自己的本領    誰是冠軍']",預備起，行頭全部要帶齊，點名，準備，跟我上街去遊行，今天要證明，什麼舞通通都搞得定，跌爛你眼鏡，小老弟，年輕耍酷那一丁點本領，洗耳恭聽，快卯起來學習，大發善心，收徒弟，想要學習皮要繃緊，要跟我跟緊。你行不行，別懷疑你自己的本領，我是冠軍。我有一條特別了不起的神經，越跳越帶勁，無師自通任督二脈暢通無比，十八般武藝。拎拎，聽說你想要報名，考慮，有沒有那根筋，我看一眼就搞定，凡事都要照規定，精舞門裡什麼都ㄍ一ㄥ，不浪得虛名，不能亂吃冰淇淋，矇眼睛，對待所有的敵人，都尊敬，大半夜上床戴耳機，節奏當催眠的聲音，作夢都不停。你行不行，別懷疑你自己的本領，我是冠軍。我有一條特別了不起的神經，越跳越帶勁，無師自通任督二脈暢通無比，十八般武藝。你行不行，別懷疑你自己的本領，我是冠軍。你行不行，別懷疑你自己的本領，誰是冠軍
小丑魚(Fish),"['我在你身邊游來游去 我不敢出聲 看著他親吻你眼不能閉 看你的唇印還在那裡 你隔著玻璃所以聽不見 我在嘆息 說不出口的秘密 永遠活在小小的世界裡 僅存一點稀薄的氧氣 是否夠我繼續撐下去 這件脫不下來的外衣 還是你喜歡的橘 我不能確定 是否你曾經注意 我的眼淚流在透明的水裡', '再試著了解我的愛 發不出聲音的感慨 選擇作朋友的無奈      提醒我何時該走開 只要你偶爾想起來 我就住在那片海', '再試著了解我的愛 發不出聲音的感慨 選擇作朋友的無奈      提醒我何時該走開 只要你偶爾想起來 我就住在那片海', '那片海 眼看就要 讓我愈來愈遠 回不來 從此 你的不愉快 那麼遙遠 誰聽你埋怨 再說一遍 說一遍  我在你身邊 給你一點點愉快就 會心甘情願回到大海', '再試著了解我的愛 發不出聲音的感慨 選擇作朋友的無奈      提醒我何時該走開 只要你偶爾想起來 我就住在那片海 那片海']",我在你身邊游來游去，我不敢出聲，看著他親吻你眼不能閉，看你的唇印還在那裡，你隔著玻璃所以聽不見，我在嘆息，說不出口的秘密，永遠活在小小的世界裡，僅存一點稀薄的氧氣，是否夠我繼續撐下去，這件脫不下來的外衣，還是你喜歡的橘，我不能確定，是否你曾經注意，我的眼淚流在透明的水裡。再試著了解我的愛，發不出聲音的感慨，選擇作朋友的無奈，提醒我何時該走開，只要你偶爾想起來，我就住在那片海。再試著了解我的愛，發不出聲音的感慨，選擇作朋友的無奈，提醒我何時該走開，只要你偶爾想起來，我就住在那片海。那片海，眼看就要，讓我愈來愈遠，回不來，從此，你的不愉快，那麼遙遠，誰聽你埋怨，再說一遍，說一遍，我在你身邊，給你一點點愉快就，會心甘情願回到大海。再試著了解我的愛，發不出聲音的感慨，選擇作朋友的無奈，提醒我何時該走開，只要你偶爾想起來，我就住在那片海，那片海
機器娃娃(Machine Doll),"['我回到未來還沒星際大戰長生不老的仙丹一粒塊 死了可以耍賴除非你被撞爛趕快撿一塊皮還有復活六百 葬儀社都關起來沒有人會用棺材我已經四百零四歲還在跳地板 轉轉轉頭轉轉到頭斷來去復活六百復活一次六百塊 我又回到未來開始人滿為患規定活到五百歲一定要掰掰 要不然不能生小孩不能搶飯碗超過五百歲又不敢死的只能要飯 人犯抓去關有八次死刑可以判英雄偉人為國爭光還有免死金牌 我再回到未來死不死都無奈地球變成一個超級垃圾袋', '我們怎麼這麼有膽有沒有愛我們還想扮演上帝怎麼辦 我們怎麼這麼有膽有沒有愛我們繼續這樣演化怎麼辦 我愛上機器娃娃說明書上有用法我要把她帶回家啦啦啦啦啦啦 我愛上機器娃娃她頭上插螺旋槳我們要飛到天上啦啦啦啦啦啦', '我又回到未來電腦貼心安排智商低於一百強迫植入 不用出門買賣大家都是天才沒有笨蛋的大自然真是超自然 我再回到未來病毒已經氾濫細菌開始傳染動物開始變態 躲在家裡逃難開罐頭有波菜我們活在一個高科技的摩登時代', '唱歌好乖啊再唱高一點娃娃好準備要來跳舞了哦來 擺擺臀你叫我擺擺臀可是我的腰身方方正正 你要我叫哥哥我乖乖叫哥哥我還會邊叫哥哥邊唱歌 不需要電池的我吃的是太陽能我的頭裝了一個紅綠燈 你要我收垃圾我不只會收垃圾我還會表演垃圾肚裡吞', '這一切的一切太荒謬我一天過一天這麼過 過一關又一關的電動我一步又一步被遙控 這一切的一切太荒謬我一天過一天這麼過 過一關又一關的電動我一步又一步被遙控', '我愛上機器娃娃我能愛機器娃娃那一天我的生活只剩一個視窗 我愛上機器娃娃我能愛機器娃娃我感到一陣冰涼她不會叫媽媽']",我回到未來還沒星際大戰長生不老的仙丹一粒塊，死了可以耍賴除非你被撞爛趕快撿一塊皮還有復活六百，葬儀社都關起來沒有人會用棺材我已經四百零四歲還在跳地板，轉轉轉頭轉轉到頭斷來去復活六百復活一次六百塊，我又回到未來開始人滿為患規定活到五百歲一定要掰掰，要不然不能生小孩不能搶飯碗超過五百歲又不敢死的只能要飯，人犯抓去關有八次死刑可以判英雄偉人為國爭光還有免死金牌，我再回到未來死不死都無奈地球變成一個超級垃圾袋。我們怎麼這麼有膽有沒有愛我們還想扮演上帝怎麼辦，我們怎麼這麼有膽有沒有愛我們繼續這樣演化怎麼辦，我愛上機器娃娃說明書上有用法我要把她帶回家啦啦啦啦啦啦，我愛上機器娃娃她頭上插螺旋槳我們要飛到天上啦啦啦啦啦啦。我又回到未來電腦貼心安排智商低於一百強迫植入，不用出門買賣大家都是天才沒有笨蛋的大自然真是超自然，我再回到未來病毒已經氾濫細菌開始傳染動物開始變態，躲在家裡逃難開罐頭有波菜我們活在一個高科技的摩登時代。唱歌好乖啊再唱高一點娃娃好準備要來跳舞了哦來，擺擺臀你叫我擺擺臀可是我的腰身方方正正，你要我叫哥哥我乖乖叫哥哥我還會邊叫哥哥邊唱歌，不需要電池的我吃的是太陽能我的頭裝了一個紅綠燈，你要我收垃圾我不只會收垃圾我還會表演垃圾肚裡吞。這一切的一切太荒謬我一天過一天這麼過，過一關又一關的電動我一步又一步被遙控，這一切的一切太荒謬我一天過一天這麼過，過一關又一關的電動我一步又一步被遙控。我愛上機器娃娃我能愛機器娃娃那一天我的生活只剩一個視窗，我愛上機器娃娃我能愛機器娃娃我感到一陣冰涼她不會叫媽媽
瞎攪和(Mess Up),"['過火心情像一個白球飛上天去界外失蹤妳美麗打擊的太兇猛  不懂企鵝們都怎麼行走東倒西歪對妳跟蹤我已全年無休的狂熱', '超人能不能幫幫我賞我一身顏色讓妳誰不愛除了我唯一的執著 我就要開始瞎攪和妳值得我失控摘下的星座通通讓妳選口紅 我就要開始瞎攪和把妳當心臟用誰叫妳和我已經愛進了時空', '怎麼生活變成大時鐘每天倒數等妳行蹤誰又會幸福比我還多 不懂流星飛過怎麼匆匆地心引力我不能動妳的眼睛誰忍心遠走']",過火心情像一個白球飛上天去界外失蹤妳美麗打擊的太兇猛，不懂企鵝們都怎麼行走東倒西歪對妳跟蹤我已全年無休的狂熱。超人能不能幫幫我賞我一身顏色讓妳誰不愛除了我唯一的執著，我就要開始瞎攪和妳值得我失控摘下的星座通通讓妳選口紅，我就要開始瞎攪和把妳當心臟用誰叫妳和我已經愛進了時空。怎麼生活變成大時鐘每天倒數等妳行蹤誰又會幸福比我還多，不懂流星飛過怎麼匆匆地心引力我不能動妳的眼睛誰忍心遠走
咕嚕雞(Gulu Chicken),"['咕嚕咕嚕叫咕嚕咕嚕叫咕嚕咕嚕叫咕嚕咕嚕叫 咕嚕咕嚕叫咕嚕咕嚕叫不要變成一隻雞好不好', '我家的屋頂住著一隻公雞一大早就啼不是叫人早起 雞眼睛瞇瞇臭屁的要命一直囉哩八唆炫耀毛之類的東西 自以為得意走路也要放屁我等著看你有天跩到抽筋 看不起別人也瞧瞧自己還真的是目中無人的雞', '你的舉動能不能不要太驕傲你的尾椎能不能不要翹太高 你的心眼能不能不要那麼小你的嘴巴能不能不要那麼吵', '咕嚕咕嚕叫咕嚕咕嚕叫咕嚕咕嚕叫咕嚕咕嚕叫 咕嚕咕嚕叫咕嚕咕嚕叫我就快被搞到受不了 咕嚕咕嚕叫咕嚕咕嚕叫咕嚕咕嚕叫咕嚕咕嚕叫 咕嚕咕嚕叫咕嚕咕嚕叫你這隻永遠都不會飛的鳥', '哼哼嘿嘿嗚嗚哼哼嘿嘿嗚嗚 哼哼嘿嘿嗚嗚哼哼嘿嘿嗚鳴', '愛假愛假別裝模作樣你有幾斤兩誰不知道 叫吧叫吧不要再囂張有一天拔毛我等著笑 愛假愛假別裝模作樣雞就是雞了你不要怕 叫吧叫吧不要再囂張有一天下鍋油會很燙', '咕嚕咕嚕叫咕嚕咕嚕叫咕嚕咕嚕叫咕嚕咕嚕叫 咕嚕咕嚕叫咕嚕咕嚕叫不要變成一隻雞好不好 咕嚕咕嚕叫咕嚕咕嚕叫咕嚕咕嚕叫咕嚕咕嚕叫 咕嚕咕嚕叫咕嚕咕嚕叫我不要變成一隻雞好不好']",咕嚕咕嚕叫咕嚕咕嚕叫咕嚕咕嚕叫咕嚕咕嚕叫，咕嚕咕嚕叫咕嚕咕嚕叫不要變成一隻雞好不好。我家的屋頂住著一隻公雞一大早就啼不是叫人早起，雞眼睛瞇瞇臭屁的要命一直囉哩八唆炫耀毛之類的東西，自以為得意走路也要放屁我等著看你有天跩到抽筋，看不起別人也瞧瞧自己還真的是目中無人的雞。你的舉動能不能不要太驕傲你的尾椎能不能不要翹太高，你的心眼能不能不要那麼小你的嘴巴能不能不要那麼吵。咕嚕咕嚕叫咕嚕咕嚕叫咕嚕咕嚕叫咕嚕咕嚕叫，咕嚕咕嚕叫咕嚕咕嚕叫我就快被搞到受不了，咕嚕咕嚕叫咕嚕咕嚕叫咕嚕咕嚕叫咕嚕咕嚕叫，咕嚕咕嚕叫咕嚕咕嚕叫你這隻永遠都不會飛的鳥。哼哼嘿嘿嗚嗚哼哼嘿嘿嗚嗚，哼哼嘿嘿嗚嗚哼哼嘿嘿嗚鳴。愛假愛假別裝模作樣你有幾斤兩誰不知道，叫吧叫吧不要再囂張有一天拔毛我等著笑，愛假愛假別裝模作樣雞就是雞了你不要怕，叫吧叫吧不要再囂張有一天下鍋油會很燙。咕嚕咕嚕叫咕嚕咕嚕叫咕嚕咕嚕叫咕嚕咕嚕叫，咕嚕咕嚕叫咕嚕咕嚕叫不要變成一隻雞好不好，咕嚕咕嚕叫咕嚕咕嚕叫咕嚕咕嚕叫咕嚕咕嚕叫，咕嚕咕嚕叫咕嚕咕嚕叫我不要變成一隻雞好不好
愛的主場秀(SHOW Trance Remix),"['氣溫太躁動 難過 競技場裡 觀眾太多 歡聲 雷動 等愛被轉播 誰在挺我 快說 來點掌聲 也不為過 我想 打動 你的心裡頭 第一回合敲鐘 紅色布幕揚動 我和妳站兩頭 等等看是誰先主動 給我一點笑容 骨子裡的衝動 就是非妳不可 今天你要被掌握  愛的主場秀 鬥智也鬥勇 你也有手 偏偏要牽不牽 吊人胃口 別ㄍㄧㄣ那麼久 告白不必等壓軸 我不介意 像這種小事交給我做', '愛的主場秀 鬥智也鬥勇 你也有手 偏偏要牽不牽 吊人胃口 別ㄍㄧㄣ那麼久 告白不必等壓軸 我不介意 像這種小事交給我做 愛的主場秀 鬥智也鬥勇 你臉紅紅 還說天氣太熱 明明害羞 會不會跳 放心 我是好對手 能攻能守 預告你的心 將屬於我 愛的主場秀']",氣溫太躁動，難過，競技場裡，觀眾太多，歡聲，雷動，等愛被轉播，誰在挺我，快說，來點掌聲，也不為過，我想，打動，你的心裡頭，第一回合敲鐘，紅色布幕揚動，我和妳站兩頭，等等看是誰先主動，給我一點笑容，骨子裡的衝動，就是非妳不可，今天你要被掌握，愛的主場秀，鬥智也鬥勇，你也有手，偏偏要牽不牽，吊人胃口，別ㄍㄧㄣ那麼久，告白不必等壓軸，我不介意，像這種小事交給我做。愛的主場秀，鬥智也鬥勇，你也有手，偏偏要牽不牽，吊人胃口，別ㄍㄧㄣ那麼久，告白不必等壓軸，我不介意，像這種小事交給我做，愛的主場秀，鬥智也鬥勇，你臉紅紅，還說天氣太熱，明明害羞，會不會跳，放心，我是好對手，能攻能守，預告你的心，將屬於我，愛的主場秀
箇中強手(Violent Electro Remix),"['無聊的生活 你還想過多久 鬥志被埋沒 別怪罪都是懶惰 汗要飆出火 成敗就這一刻 要點燃熱血 跟兄弟併肩戰鬥', '我們 只拼到底 不信 失敗有理 打下 一個傳奇 要你跟我一起', '就打破規則 出手 就知有沒有 箇中強手 那將是我', '有膽成英雄 巔峰 不過是開頭 誰是高手 跟我同夥', '心裡的節奏 就要衝出喉嚨 現在倒數秒鐘 你跟我一起加油 成功的顏色 讓別人看不透 就掀起潮流 要世界跟隨 我', '我們 只拼到底 不信 失敗有理 打下 一個傳奇 要你跟我一起', '有膽成英雄 巔峰 不過是開頭 誰是高手 跟我同夥', '懷疑 不會是我的座右銘 自己 超越每個自己 看清 瞄準目標就大膽出手', '就打破規則 出手 就知有沒有 箇中強手 那將是我', '有膽成英雄 巔峰 不過是開頭 誰是高手 跟我同夥', '就打破規則 出手 就知有沒有 箇中強手 那將是我', '有膽成英雄 巔峰 不過是開頭 誰是高手 跟我同夥']",無聊的生活，你還想過多久，鬥志被埋沒，別怪罪都是懶惰，汗要飆出火，成敗就這一刻，要點燃熱血，跟兄弟併肩戰鬥。我們，只拼到底，不信，失敗有理，打下，一個傳奇，要你跟我一起。就打破規則，出手，就知有沒有，箇中強手，那將是我。有膽成英雄，巔峰，不過是開頭，誰是高手，跟我同夥。心裡的節奏，就要衝出喉嚨，現在倒數秒鐘，你跟我一起加油，成功的顏色，讓別人看不透，就掀起潮流，要世界跟隨，我。我們，只拼到底，不信，失敗有理，打下，一個傳奇，要你跟我一起。有膽成英雄，巔峰，不過是開頭，誰是高手，跟我同夥。懷疑，不會是我的座右銘，自己，超越每個自己，看清，瞄準目標就大膽出手。就打破規則，出手，就知有沒有，箇中強手，那將是我。有膽成英雄，巔峰，不過是開頭，誰是高手，跟我同夥。就打破規則，出手，就知有沒有，箇中強手，那將是我。有膽成英雄，巔峰，不過是開頭，誰是高手，跟我同夥
舞法舞天,"['舞法舞天 舞法舞天 舞法舞天 舞法舞天', '想假裝你不愛這個節奏唉呦少來 給你勇氣把龜毛無聊都趕出腦海 不需要老派加入我整個好 擺脫纏住你的膠帶給自己個交代', '今天舞法舞天 讓自己大於無限 煩惱丟在路邊 讓規則都不見 讓我舞法舞天 讓希望大於無限 機會忽隱忽現 由我們來主演 讓我舞法舞天', '用絕對舞力震撼世界讓對手朝拜 當電流穿越身體讓眾人眼神超載 賭上了名譽用快樂打造金字招牌', '走自己的路 耍自己的酷 跳自己的舞 做自己 最精彩 彈自己的譜 算自己的數 扮自己的豬 做自己 最愉快', '今天舞法舞天 讓自己大於無限 煩惱丟在路邊 讓規則都不見 讓我舞法舞天 讓希望大於無限 機會忽隱忽現 由我們來主演 讓我舞法舞天      讓我舞法舞天']",舞法舞天，舞法舞天，舞法舞天，舞法舞天。想假裝你不愛這個節奏唉呦少來，給你勇氣把龜毛無聊都趕出腦海，不需要老派加入我整個好，擺脫纏住你的膠帶給自己個交代。今天舞法舞天，讓自己大於無限，煩惱丟在路邊，讓規則都不見，讓我舞法舞天，讓希望大於無限，機會忽隱忽現，由我們來主演，讓我舞法舞天。用絕對舞力震撼世界讓對手朝拜，當電流穿越身體讓眾人眼神超載，賭上了名譽用快樂打造金字招牌。走自己的路，耍自己的酷，跳自己的舞，做自己，最精彩，彈自己的譜，算自己的數，扮自己的豬，做自己，最愉快。今天舞法舞天，讓自己大於無限，煩惱丟在路邊，讓規則都不見，讓我舞法舞天，讓希望大於無限，機會忽隱忽現，由我們來主演，讓我舞法舞天，讓我舞法舞天
羅生門,"['是否真愛的學分非要摔痛了才能修得成 那千奇百怪艱深的學問就像羅生門 不信有愛的高材生可以從不受傷順利閃人 同是天涯寂寞人只想找個人疼 通常太仔細計算後的愛情往往根本不敷成本 還以為價值連城', '沒有該不該誰都會想愛羅生門打開比賽 百戰百勝不是我的表率真心那個吻才值得等待 成功或失敗晉級或淘汰羅生門打開要愛 如果某個早晨真愛會來失眠的過程我可以忍耐', '我不信有人非得承認不信對愛永遠有緣無份 這個世界上有那麼多的人總會有一個值得總會值得我笨 我不怕這一路有冷有熱不怕感覺對了就該犧牲 愛情的面前無所謂分寸我拼它一個認真拼它一個永恆']",是否真愛的學分非要摔痛了才能修得成，那千奇百怪艱深的學問就像羅生門，不信有愛的高材生可以從不受傷順利閃人，同是天涯寂寞人只想找個人疼，通常太仔細計算後的愛情往往根本不敷成本，還以為價值連城。沒有該不該誰都會想愛羅生門打開比賽，百戰百勝不是我的表率真心那個吻才值得等待，成功或失敗晉級或淘汰羅生門打開要愛，如果某個早晨真愛會來失眠的過程我可以忍耐。我不信有人非得承認不信對愛永遠有緣無份，這個世界上有那麼多的人總會有一個值得總會值得我笨，我不怕這一路有冷有熱不怕感覺對了就該犧牲，愛情的面前無所謂分寸我拼它一個認真拼它一個永恆
愛的主場秀,"['氣溫太躁動 難過 競技場裡 觀眾太多 歡聲 雷動 等愛被轉播 誰在挺我 快說 來點掌聲 也不為過 我想 打動 妳的心裡頭 第一回合敲鐘 紅色布幕 揚動 我和妳站兩頭 等等看是誰先主動 給我一點笑容 骨子裡的衝動 就是非妳不可 今天妳要被掌握', '愛的主場秀 鬥智也鬥勇 妳也有手偏偏要牽不牽吊人胃口 別ㄍ一ㄥ那麼久 告白不必等壓軸 我不介意 像這種小事交給我做', '愛的主場秀 鬥智也鬥勇 妳臉紅紅還說 天氣太熱 明明害羞 會不會跳 放心我是好對手 能攻能守 預告你的心將屬於我 愛的主場秀 必勝的念頭 我越戰越勇 贏到妳的心 獨一無二 愛的主場秀 想和你交手 延長幾回合 我用盡絕活', '愛的主場秀 鬥智也鬥勇 你也有手偏偏要牽不牽吊人胃口 別ㄍ一ㄥ 那麼久 告白不必等壓軸 我不介意 像這種小事交給我做', '愛的主場秀 鬥智也鬥勇 你臉紅紅 還說天氣太熱 明明害羞 會不會跳 放心我是好對手 能攻能守 預告你的心 將屬於我']",氣溫太躁動，難過，競技場裡，觀眾太多，歡聲，雷動，等愛被轉播，誰在挺我，快說，來點掌聲，也不為過，我想，打動，妳的心裡頭，第一回合敲鐘，紅色布幕，揚動，我和妳站兩頭，等等看是誰先主動，給我一點笑容，骨子裡的衝動，就是非妳不可，今天妳要被掌握。愛的主場秀，鬥智也鬥勇，妳也有手偏偏要牽不牽吊人胃口，別ㄍ一ㄥ那麼久，告白不必等壓軸，我不介意，像這種小事交給我做。愛的主場秀，鬥智也鬥勇，妳臉紅紅還說，天氣太熱，明明害羞，會不會跳，放心我是好對手，能攻能守，預告你的心將屬於我，愛的主場秀，必勝的念頭，我越戰越勇，贏到妳的心，獨一無二，愛的主場秀，想和你交手，延長幾回合，我用盡絕活。愛的主場秀，鬥智也鬥勇，你也有手偏偏要牽不牽吊人胃口，別ㄍ一ㄥ，那麼久，告白不必等壓軸，我不介意，像這種小事交給我做。愛的主場秀，鬥智也鬥勇，你臉紅紅，還說天氣太熱，明明害羞，會不會跳，放心我是好對手，能攻能守，預告你的心，將屬於我
生理時鐘,"['七點鐘 你在喚醒我 一點鐘 吃飯來陪我 你在乎著我 快樂難過 從不偷懶 身邊默默跟隨我', '六點鐘 終於下班了 六點八分 燭光晚餐已做好了 配著你的香味 你的笑 如糖果 好想把你也放進肚裡', '你是我身體裡 的時鐘 什麼時候都讓 我感動 你想我想的事做我做的夢 陪著你 不會浪費一秒鐘', '與你跨過愛情 的時空 全世界的鐘吵吵鬧鬧吵鬧都 沒用 跟你抱著過 跟你看著時間 流動', '怎麼樣的愛像你的存在 給我的生命 添了一分可愛 分享你的愛 分享你的現在 過去過了 慢慢佔據我的未來', '九點半 電影看完了 十點半 準備洗澡了 你在我身邊 聽我唱歌每一分鐘 發現 永遠不夠用', '你是我身體裡 的時鐘 什麼時候都讓 我感動 你想我想的事做我做的夢 陪著你 不會浪費一秒鐘', '與你跨過愛情 的時空 全世界的鐘吵吵鬧鬧吵鬧都 沒用 跟你抱著過 跟你看著時間 流動', '你想我想的事做我做的夢 陪著你 不會浪費每一秒鐘 與你跨過愛情的時空 全世界的鐘 吵鬧都沒用 跟你抱著過 跟時間轉動', '你是我身體裡的時鐘 什麼時候 都讓我感動', '你是我身體裡 的時鐘 什麼時候都讓 我感動 你撐我撐的傘吹我吹的風 有了你 整個世界都不同', '與你跨過生命 的時空 全世界的鐘吵吵鬧鬧吵鬧都 沒用 跟你抱著過 跟你看著時間 流動 我們分不開 時間來證明我們 相 愛']",七點鐘，你在喚醒我，一點鐘，吃飯來陪我，你在乎著我，快樂難過，從不偷懶，身邊默默跟隨我。六點鐘，終於下班了，六點八分，燭光晚餐已做好了，配著你的香味，你的笑，如糖果，好想把你也放進肚裡。你是我身體裡，的時鐘，什麼時候都讓，我感動，你想我想的事做我做的夢，陪著你，不會浪費一秒鐘。與你跨過愛情，的時空，全世界的鐘吵吵鬧鬧吵鬧都，沒用，跟你抱著過，跟你看著時間，流動。怎麼樣的愛像你的存在，給我的生命，添了一分可愛，分享你的愛，分享你的現在，過去過了，慢慢佔據我的未來。九點半，電影看完了，十點半，準備洗澡了，你在我身邊，聽我唱歌每一分鐘，發現，永遠不夠用。你是我身體裡，的時鐘，什麼時候都讓，我感動，你想我想的事做我做的夢，陪著你，不會浪費一秒鐘。與你跨過愛情，的時空，全世界的鐘吵吵鬧鬧吵鬧都，沒用，跟你抱著過，跟你看著時間，流動。你想我想的事做我做的夢，陪著你，不會浪費每一秒鐘，與你跨過愛情的時空，全世界的鐘，吵鬧都沒用，跟你抱著過，跟時間轉動。你是我身體裡的時鐘，什麼時候，都讓我感動。你是我身體裡，的時鐘，什麼時候都讓，我感動，你撐我撐的傘吹我吹的風，有了你，整個世界都不同。與你跨過生命，的時空，全世界的鐘吵吵鬧鬧吵鬧都，沒用，跟你抱著過，跟你看著時間，流動，我們分不開，時間來證明我們，相，愛
習慣就好,"['你的手機又收不到 我像瘋子在街上繞 努力跑 你的溫度 雨淋過幾條街都散不掉 你面無表情的嘴角 像在嘲笑我的胡鬧 回頭看 突然明瞭 愛過了使用期效 你就想逃', '我想維持禮貌忘記驕傲 繼續做你唯一的城堡 習慣就好 習慣就好 是我選擇看不到分手預兆 沒有一絲睡意的困擾無法治療', '習慣就好 習慣就好 我承認我的偽裝是真的不夠好 請給我 多一秒', '我想維持禮貌忘記驕傲 繼續做你唯一的城堡 習慣就好 習慣就好 是我選擇看不到分手預兆 沒有一絲睡意的困擾無法治療', '習慣就好 習慣就好 我承認我的偽裝是真的不夠好 請給我 多一秒', '習慣就好 習慣就好 一個人在夜裡繼續的奔跑 卻發現再也聽不到自己的心跳 習慣就好 習慣就好 我承認我的偽裝是真的不夠好 請給我 多一秒 一秒']",你的手機又收不到，我像瘋子在街上繞，努力跑，你的溫度，雨淋過幾條街都散不掉，你面無表情的嘴角，像在嘲笑我的胡鬧，回頭看，突然明瞭，愛過了使用期效，你就想逃。我想維持禮貌忘記驕傲，繼續做你唯一的城堡，習慣就好，習慣就好，是我選擇看不到分手預兆，沒有一絲睡意的困擾無法治療。習慣就好，習慣就好，我承認我的偽裝是真的不夠好，請給我，多一秒。我想維持禮貌忘記驕傲，繼續做你唯一的城堡，習慣就好，習慣就好，是我選擇看不到分手預兆，沒有一絲睡意的困擾無法治療。習慣就好，習慣就好，我承認我的偽裝是真的不夠好，請給我，多一秒。習慣就好，習慣就好，一個人在夜裡繼續的奔跑，卻發現再也聽不到自己的心跳，習慣就好，習慣就好，我承認我的偽裝是真的不夠好，請給我，多一秒，一秒
危險的念頭,"['我怎麼一夜之間像被打垮了 狼狽沉默放空淚光鬍渣心痛 我不能跟朋友說 妳做的事讓他們覺得 妳 是 壞 的', '妳怎麼變得讓我不認識妳了 欺騙自私辯駁嘴角眼神冷漠 我強忍愛流血了 但承受不了冤枉的痛 妳的心變了還說 是我的錯', '念念不忘是危險的念頭 世界再向前翻滾 沒有誰能 倒退著走 扭曲自尊挽留才懂 一廂情願能夠 傷亡多 慘重']",我怎麼一夜之間像被打垮了，狼狽沉默放空淚光鬍渣心痛，我不能跟朋友說，妳做的事讓他們覺得，妳，是，壞，的。妳怎麼變得讓我不認識妳了，欺騙自私辯駁嘴角眼神冷漠，我強忍愛流血了，但承受不了冤枉的痛，妳的心變了還說，是我的錯。念念不忘是危險的念頭，世界再向前翻滾，沒有誰能，倒退著走，扭曲自尊挽留才懂，一廂情願能夠，傷亡多，慘重
愛瘋頭,"['你想逛逛月球  夠不夠 我背你上頂樓 赴湯蹈火 我為你做', '每天頂級面膜 給你香檳漱口 上流般的生活 赴湯蹈火 我為你做', '海派的天空讓你盡情揮霍 為你愛瘋頭到走火入魔 喔噢 海派的生活讓你盡情享受 為你愛瘋頭快流浪街頭 海派 海派 哎呀呀呀', '海派的天空讓你盡情揮霍 為你愛瘋頭到走火入魔 喔噢 海派的生活讓你盡情享受 為你愛瘋頭快流浪街頭 海派 海派呀呀呀呀 海派 海派 海派呀呀呀呀', '你要相信 我的用心 海派的天空 讓你盡情揮霍 為你愛瘋狂到走火入魔 喔噢 海派的生活 讓你盡情享受 為你愛瘋頭快流浪街頭 海派 海派 哎呀呀呀呀呀呀呀']",你想逛逛月球，夠不夠，我背你上頂樓，赴湯蹈火，我為你做。每天頂級面膜，給你香檳漱口，上流般的生活，赴湯蹈火，我為你做。海派的天空讓你盡情揮霍，為你愛瘋頭到走火入魔，喔噢，海派的生活讓你盡情享受，為你愛瘋頭快流浪街頭，海派，海派，哎呀呀呀。海派的天空讓你盡情揮霍，為你愛瘋頭到走火入魔，喔噢，海派的生活讓你盡情享受，為你愛瘋頭快流浪街頭，海派，海派呀呀呀呀，海派，海派，海派呀呀呀呀。你要相信，我的用心，海派的天空，讓你盡情揮霍，為你愛瘋狂到走火入魔，喔噢，海派的生活，讓你盡情享受，為你愛瘋頭快流浪街頭，海派，海派，哎呀呀呀呀呀呀呀
撐腰,"['之道 兄弟為你撐腰       你在愛情跌倒 回家讓你撒嬌         戀愛之道 快找哥們討教         萬一你又出包 有我幫你罩', '女人聚會 男人要自我保護 暗箭有無數 絕對不能認輸 有天大的本事 比不過低腰短褲 要團結 抗外侮 拿出男人硬態度', '看她回眸一笑   怎麼會你又中招  心中的小豬亂跳', '男人聚會 女賓自重請止步 有頑固 態度 豪氣千萬無數 千古風流人物 義結金蘭一同闖世俗 英雄關 美人哭 兄弟情誼不能吐', '看她回眸一笑   怎麼會你又中招  心中的小豬亂跳', '勁道 兄弟一起發飆       義氣就是爆料 我們肝膽相照         胡鬧瞎搞 跟哥們一起鬧         捍衛男人榮耀 麻煩我來罩']",之道，兄弟為你撐腰，你在愛情跌倒，回家讓你撒嬌，戀愛之道，快找哥們討教，萬一你又出包，有我幫你罩。女人聚會，男人要自我保護，暗箭有無數，絕對不能認輸，有天大的本事，比不過低腰短褲，要團結，抗外侮，拿出男人硬態度。看她回眸一笑，怎麼會你又中招，心中的小豬亂跳。男人聚會，女賓自重請止步，有頑固，態度，豪氣千萬無數，千古風流人物，義結金蘭一同闖世俗，英雄關，美人哭，兄弟情誼不能吐。看她回眸一笑，怎麼會你又中招，心中的小豬亂跳。勁道，兄弟一起發飆，義氣就是爆料，我們肝膽相照，胡鬧瞎搞，跟哥們一起鬧，捍衛男人榮耀，麻煩我來罩
高調愛,"['為什麼 擦了新香水 沒有跟我先報備 全身上下我都 想跟你搭配', '看電影 別坐得太後面 又不怕被誰發現 就想跟你 肩靠肩', '我的愛 不太低調 不走神秘感覺 非常直接', '高調愛 就像每個音階 給你愛 甜蜜得好特別 你讓我驕傲一點 我讓你 幸福直到永遠', '既然拍了大頭貼 放上相簿作紀念 就是我肖像權 愛上你多完美 我會好好去捍衛', '遇到你高中同學 大方介紹無所謂 我應該算體面 可以被帶上街 表示你滿有品味']",為什麼，擦了新香水，沒有跟我先報備，全身上下我都，想跟你搭配。看電影，別坐得太後面，又不怕被誰發現，就想跟你，肩靠肩。我的愛，不太低調，不走神秘感覺，非常直接。高調愛，就像每個音階，給你愛，甜蜜得好特別，你讓我驕傲一點，我讓你，幸福直到永遠。既然拍了大頭貼，放上相簿作紀念，就是我肖像權，愛上你多完美，我會好好去捍衛。遇到你高中同學，大方介紹無所謂，我應該算體面，可以被帶上街，表示你滿有品味
第二順位,"['一直是我 陪你去躲 回憶裡的雨 妳無心 的嘆息 有心碎的 聲音 他的好 他的壞 他的不安定 他的故事 是我和你 愛情裡 的烏雲', '從我愛上 愛他的你 那個瞬間起 一直是雨天 你只愛雨天 我用傘 保護你 親吻著 你苦澀 味道的微笑 閉著眼睛 我明白你 想念他 的秘密', '我一直在 第二順位 等著你 一直從昨天 一直到今天 一直到永遠 我相信 是我最愛你', '聆聽你說 抱歉多過 你說我愛你 你困在雨裡 我困在雨裡 我的傘 濕淋淋 「沒關係」 是我最 常說的一句 就讓我等 就算我冷 至少我 陪著你']",一直是我，陪你去躲，回憶裡的雨，妳無心，的嘆息，有心碎的，聲音，他的好，他的壞，他的不安定，他的故事，是我和你，愛情裡，的烏雲。從我愛上，愛他的你，那個瞬間起，一直是雨天，你只愛雨天，我用傘，保護你，親吻著，你苦澀，味道的微笑，閉著眼睛，我明白你，想念他，的秘密。我一直在，第二順位，等著你，一直從昨天，一直到今天，一直到永遠，我相信，是我最愛你。聆聽你說，抱歉多過，你說我愛你，你困在雨裡，我困在雨裡，我的傘，濕淋淋，「沒關係」，是我最，常說的一句，就讓我等，就算我冷，至少我，陪著你
搞笑,"['那一條牙膏 在對我傻笑 嘲笑我永遠用不掉 想睡就睡 想鬧就鬧 好快樂少了人嘮叨', '藍色的碗盤 多買了一套 我忘了沒人陪我通宵 要多少替代的丑角 無辜的陪笑 才會讓我能真的忘了你的好', '我在搞笑 藉著熱鬧 掩蓋著心跳 邊哭邊笑 偏要說著 一個人真好 當人群散了 突然覺得我可以死掉 我受不了 還在搞笑 害怕回家 不知怎麼熬 這麼多年 早就習慣 有你的撒嬌 我想我能熬 但是至少要讓我知道 你好不好', '我在搞笑 藉著熱鬧 掩蓋著心跳 邊哭邊笑 偏要說著 一個人真好 當人群散了 突然覺得我可以死掉 我受不了', '我在搞笑 卻在醉後 眼淚拼命飆 你的離開 失去多少 我計算不了 忙完了一天 突然覺得又何必辛勞 對誰炫耀 還在搞笑 是否擁有 麻痺的療效 唱一夜歌 卻避不開 催淚的曲調 我徹夜胡鬧 希望聽到有人會提到 你好不好']",那一條牙膏，在對我傻笑，嘲笑我永遠用不掉，想睡就睡，想鬧就鬧，好快樂少了人嘮叨。藍色的碗盤，多買了一套，我忘了沒人陪我通宵，要多少替代的丑角，無辜的陪笑，才會讓我能真的忘了你的好。我在搞笑，藉著熱鬧，掩蓋著心跳，邊哭邊笑，偏要說著，一個人真好，當人群散了，突然覺得我可以死掉，我受不了，還在搞笑，害怕回家，不知怎麼熬，這麼多年，早就習慣，有你的撒嬌，我想我能熬，但是至少要讓我知道，你好不好。我在搞笑，藉著熱鬧，掩蓋著心跳，邊哭邊笑，偏要說著，一個人真好，當人群散了，突然覺得我可以死掉，我受不了。我在搞笑，卻在醉後，眼淚拼命飆，你的離開，失去多少，我計算不了，忙完了一天，突然覺得又何必辛勞，對誰炫耀，還在搞笑，是否擁有，麻痺的療效，唱一夜歌，卻避不開，催淚的曲調，我徹夜胡鬧，希望聽到有人會提到，你好不好
潛意識失控,"['大腦鬼鬼祟祟 很危險   失控邊緣 這一瞬間 妳出現在眼前 愛情準備上演', '忽快忽慢的節奏 請妳不要走丟 跟著我 腳步輕的像風 眼神鎖定我 慢慢移動', '華爾滋甜蜜誘惑 放開手讓妳 心跳在追蹤 電力為你放送', '潛意識在失控 熱舞擦出一道火 眼神要背叛溫柔 偷偷的欲擒故縱 舞步慢慢失控 壓抑不住著了魔 把你融化在胸口 心緊緊黏著我', '潛意識在失控 熱舞擦出一道火 妳的靈魂在出走 正飄向我的王國 舞步慢慢失控 壓抑不住著了魔 欲擒故縱的絕活 只想把妳佔有']",大腦鬼鬼祟祟，很危險，失控邊緣，這一瞬間，妳出現在眼前，愛情準備上演。忽快忽慢的節奏，請妳不要走丟，跟著我，腳步輕的像風，眼神鎖定我，慢慢移動。華爾滋甜蜜誘惑，放開手讓妳，心跳在追蹤，電力為你放送。潛意識在失控，熱舞擦出一道火，眼神要背叛溫柔，偷偷的欲擒故縱，舞步慢慢失控，壓抑不住著了魔，把你融化在胸口，心緊緊黏著我。潛意識在失控，熱舞擦出一道火，妳的靈魂在出走，正飄向我的王國，舞步慢慢失控，壓抑不住著了魔，欲擒故縱的絕活，只想把妳佔有
箇中強手,"['籃球火的主題曲 又名《  》', '無聊的生活 你還想過多久 鬥志被埋沒 別怪罪都是懶惰 汗要飆出火 成敗就這一刻 要點燃熱血 跟兄弟併肩戰鬥', '我們 只拼到底 不信 失敗有理 打下 一個傳奇 要你跟我一起', '有膽成英雄 巔峰 不過是開頭 誰是高手 跟我同夥 〜', '心裡的節奏 就要衝出喉嚨 現在倒數秒鐘 你跟我一起加油 成功的顏色 讓別人看不透 就掀起潮流 要世界跟隨 我', '懷疑 不會是我的座右銘 自己 超越每個自己 看清 瞄準目標就大膽出手 〜 〜']",籃球火的主題曲，又名《，》。無聊的生活，你還想過多久，鬥志被埋沒，別怪罪都是懶惰，汗要飆出火，成敗就這一刻，要點燃熱血，跟兄弟併肩戰鬥。我們，只拼到底，不信，失敗有理，打下，一個傳奇，要你跟我一起。有膽成英雄，巔峰，不過是開頭，誰是高手，跟我同夥，〜。心裡的節奏，就要衝出喉嚨，現在倒數秒鐘，你跟我一起加油，成功的顏色，讓別人看不透，就掀起潮流，要世界跟隨，我。懷疑，不會是我的座右銘，自己，超越每個自己，看清，瞄準目標就大膽出手，〜，〜
用愛點亮希望,"['坐著夢想的翅膀帶你飛翔 就讓一盞盞希望為你點亮 在你的身旁靜靜守護著 給你勇氣和力量 只要有愛就不會迷失徬徨', '面對人生的挫折 要學著堅強 快樂幸福圍繞身旁 要懂得分享 傳遞這份愛 散發光和熱 讓它在心中發燙 只要懷抱夢想就會有陽光', '我們用愛點亮了希望 讓它傳到每個地方 把每個誠心的祝福 化成力量', '我們用愛點亮了希望 燃燒著不滅的光芒 彩虹下的夢想就在前方', '我們用愛點亮了希望 讓它傳到每個地方 把每個誠心的祝福 化成力量', '我們用愛點亮了希望 燃燒著不滅的光芒 彩虹下的夢想就在前方', '我們用愛點亮了希望 讓它傳到每個地方 把每個誠心的祝福 化成力量', '我們用愛點亮了希望 燃燒著不滅的光芒 彩虹下的夢想就在前方']",坐著夢想的翅膀帶你飛翔，就讓一盞盞希望為你點亮，在你的身旁靜靜守護著，給你勇氣和力量，只要有愛就不會迷失徬徨。面對人生的挫折，要學著堅強，快樂幸福圍繞身旁，要懂得分享，傳遞這份愛，散發光和熱，讓它在心中發燙，只要懷抱夢想就會有陽光。我們用愛點亮了希望，讓它傳到每個地方，把每個誠心的祝福，化成力量。我們用愛點亮了希望，燃燒著不滅的光芒，彩虹下的夢想就在前方。我們用愛點亮了希望，讓它傳到每個地方，把每個誠心的祝福，化成力量。我們用愛點亮了希望，燃燒著不滅的光芒，彩虹下的夢想就在前方。我們用愛點亮了希望，讓它傳到每個地方，把每個誠心的祝福，化成力量。我們用愛點亮了希望，燃燒著不滅的光芒，彩虹下的夢想就在前方
PART 1 ＞ 殘酷舞台 國王遊戲,"['對不起 你已掉進了陷阱 黑白配 會怎樣不一定 一啟動國王的遊戲 機會或命運 都很刺激', '愛不愛 別猜拳決定 動了心 就別作弊 能征服你是種榮幸 也或許是我的幸運', '你野蠻任性都可以 你輕聲細語地叫我 國王馬上被你命令', '國王遊戲 冠軍獎品就是你的心 國王有讓你的權力 讓這命令不不不要停 國王遊戲 所有規則都由我來定 輸贏我都愛你 就讓這遊戲再再再繼續', '沙豬不是我的名 別想太多像神經病 就算有大男人主義 拼了命的寵壞你', '賽門韋伯/', '你野蠻任性都可以 你輕聲細語地叫我 國王馬上被你命令', '賽門韋伯/', '陳瑩珊/', '國王遊戲 冠軍獎品就是你的心 國王有讓你的權力 讓這命令不不不要停 國王遊戲 所有規則都由我來定 輸贏我都愛你 就讓這遊戲再再再繼續', '國王遊戲 冠軍獎品就是你的心 國王有讓你的權力 讓這命令不不不要停 國王遊戲 所有規則都由我來定 輸贏我都愛你 就讓這遊戲再再再繼續']",對不起，你已掉進了陷阱，黑白配，會怎樣不一定，一啟動國王的遊戲，機會或命運，都很刺激。愛不愛，別猜拳決定，動了心，就別作弊，能征服你是種榮幸，也或許是我的幸運。你野蠻任性都可以，你輕聲細語地叫我，國王馬上被你命令。國王遊戲，冠軍獎品就是你的心，國王有讓你的權力，讓這命令不不不要停，國王遊戲，所有規則都由我來定，輸贏我都愛你，就讓這遊戲再再再繼續。沙豬不是我的名，別想太多像神經病，就算有大男人主義，拼了命的寵壞你。賽門韋伯/。你野蠻任性都可以，你輕聲細語地叫我，國王馬上被你命令。賽門韋伯/。陳瑩珊/。國王遊戲，冠軍獎品就是你的心，國王有讓你的權力，讓這命令不不不要停，國王遊戲，所有規則都由我來定，輸贏我都愛你，就讓這遊戲再再再繼續。國王遊戲，冠軍獎品就是你的心，國王有讓你的權力，讓這命令不不不要停，國王遊戲，所有規則都由我來定，輸贏我都愛你，就讓這遊戲再再再繼續
嗆司嗆司,"['請多指教 美女 五十億人難得遇見了我 你運氣還不錯 專情 我也不是故意想要推薦自己 放眼沒人能比', '遠遠就看穿你 不溫馴卻有一種魅力 我不是痞 只是很有本事有個性 能讓你動心', '別懷疑 我們的頻率現在最靠近 想愛我的數不清 我想愛的是你 不是 而已', '看仔細 裝深情 假體貼 多得是蒼蠅 我沒有那種等級 讓你滿意 不是 而已', '請多指教 美女 一看見你我就心神不寧 喔 我才不會忘記你 他們 缺少溫柔不夠幽默沒有體力 不可能跟我匹敵', '你是天生明星 只是我也沒那麼容易 愛不是遊戲 給我機會表現 來讓你動心', '想約你 牽狗狗 逛河濱 吃碗芒果冰 我只有這點本領 逗你開心 不是 而已', '有信心就要感動你 直到痛哭流涕 現在就打開 最強電力', '別懷疑 我們的頻率現在最靠近 想愛我的數不清 我想愛的是你 不是 而已', '看仔細 裝深情 假體貼 多得是蒼蠅 我沒有那種等級 讓你滿意 不是 而已', '別懷疑 我們的頻率現在就拉近 我的頭彩就是你 愛是高額獎金 不是 而已', '想約你 牽狗狗 逛河濱 吃碗芒果冰 我只有這點本領 逗你開心 不是 而已']",請多指教，美女，五十億人難得遇見了我，你運氣還不錯，專情，我也不是故意想要推薦自己，放眼沒人能比。遠遠就看穿你，不溫馴卻有一種魅力，我不是痞，只是很有本事有個性，能讓你動心。別懷疑，我們的頻率現在最靠近，想愛我的數不清，我想愛的是你，不是，而已。看仔細，裝深情，假體貼，多得是蒼蠅，我沒有那種等級，讓你滿意，不是，而已。請多指教，美女，一看見你我就心神不寧，喔，我才不會忘記你，他們，缺少溫柔不夠幽默沒有體力，不可能跟我匹敵。你是天生明星，只是我也沒那麼容易，愛不是遊戲，給我機會表現，來讓你動心。想約你，牽狗狗，逛河濱，吃碗芒果冰，我只有這點本領，逗你開心，不是，而已。有信心就要感動你，直到痛哭流涕，現在就打開，最強電力。別懷疑，我們的頻率現在最靠近，想愛我的數不清，我想愛的是你，不是，而已。看仔細，裝深情，假體貼，多得是蒼蠅，我沒有那種等級，讓你滿意，不是，而已。別懷疑，我們的頻率現在就拉近，我的頭彩就是你，愛是高額獎金，不是，而已。想約你，牽狗狗，逛河濱，吃碗芒果冰，我只有這點本領，逗你開心，不是，而已
一支獨秀,"['愛 愛愛愛 準備大顯身手     戰鬥 愛 愛愛愛 看我一支獨秀', '我掙脫 緊箍咒 踩上好漢坡 避風頭 偷練功 就等這一刻 讓喉嚨 吼一吼 衝破你耳膜 此刻你聽到節奏 是我的脈搏', '這世界冷颼颼 單調的像碗粥 勝者為王敗為寇 想熬出頭混不得 閉上眼握拳頭 機會你要掌握 我不再做 某某某 要你記住我', '一起來', '愛 愛愛愛 準備大顯身手     戰鬥 愛 愛愛愛 看我一支獨秀', '求菩薩 拜碼頭 就等這一刻 血液裡 燃燒著 像洪水猛獸 你是否 也感受 胸口那把火 歡迎跟我切磋切磋 或幫我加油', '愛 愛愛愛 準備大顯身手     戰鬥 愛 愛愛愛 看我一支獨秀', '跳 舞 時 間', '這世界冷颼颼 單調的像碗粥 勝者為王敗為寇 想熬出頭混不得 閉上眼握拳頭 機會你要掌握 我不再做 某某某 要你記住我', '愛 愛愛愛 準備大顯身手 尖叫     戰鬥 愛 愛愛愛 看我一支獨秀', '愛 愛愛愛 準備大顯身手     戰鬥 愛 愛愛愛 看我一支獨秀']",愛，愛愛愛，準備大顯身手，戰鬥，愛，愛愛愛，看我一支獨秀。我掙脫，緊箍咒，踩上好漢坡，避風頭，偷練功，就等這一刻，讓喉嚨，吼一吼，衝破你耳膜，此刻你聽到節奏，是我的脈搏。這世界冷颼颼，單調的像碗粥，勝者為王敗為寇，想熬出頭混不得，閉上眼握拳頭，機會你要掌握，我不再做，某某某，要你記住我。一起來。愛，愛愛愛，準備大顯身手，戰鬥，愛，愛愛愛，看我一支獨秀。求菩薩，拜碼頭，就等這一刻，血液裡，燃燒著，像洪水猛獸，你是否，也感受，胸口那把火，歡迎跟我切磋切磋，或幫我加油。愛，愛愛愛，準備大顯身手，戰鬥，愛，愛愛愛，看我一支獨秀。跳，舞，時，間。這世界冷颼颼，單調的像碗粥，勝者為王敗為寇，想熬出頭混不得，閉上眼握拳頭，機會你要掌握，我不再做，某某某，要你記住我。愛，愛愛愛，準備大顯身手，尖叫，戰鬥，愛，愛愛愛，看我一支獨秀。愛，愛愛愛，準備大顯身手，戰鬥，愛，愛愛愛，看我一支獨秀
敢不敢＋碎碎念,"['敢不敢', '你知道 我正在看著你  你知道 愛就發生在這一刻 你知道 我將會讓你   你必須 愛我的壞', '愛的世界總在迎接許多意外 你那麼ㄍ一ㄥ 像在 拓荒的時代 迷了路的你 倔強的女孩', '愛的治安其實沒有那麼的壞 你別在我自我介紹之前就說  你只是 還不習慣 我這樣示愛  敢不敢 和我 玩一場 單挑的 愛情決戰 就像刺激的 俄羅斯輪盤 別害怕 我的規則其實很簡單 就只有 你喜不喜歡 快選擇答案', '敢不敢 到我的懷 敢不敢 讓你自己被 疼愛 敢不敢     愛不賴 就怕你不敢', '愛的治安其實沒有那麼的壞 你別在我自我介紹之前就說  你只是 還不習慣 我這樣示愛  敢不敢 和我 玩一場 單挑的 愛情決戰 就像刺激的 俄羅斯輪盤 好奇嗎 我的規則其實很簡單 就只有 你喜不喜歡 快選擇答案', '敢不敢 到我的懷 敢不敢 讓你自己被 疼愛 敢不敢     我們會 非常的愉快', '愛了我們就要 不要被煩惱出賣 你敢不敢 賭注你的將來 把你的想法說出來 別隱瞞 你的期待', '你敢不敢 愛我的壞 一種讓你快樂的壞 敢不敢 讓你自己 被疼愛 你值得被疼愛 敢不敢    我們會非常的非常的 愉快 敢不敢 到我的懷 敢不敢 讓你自己被 疼愛 你值得被疼愛 敢不敢     愛不賴 就怕你不敢 我們會非常的非常的 愉快', '你敢不敢 戀愛', '碎碎念', '你說我衣服要穿一多點 吃東西的時候不可以狼吞虎嚥       我臉上掛著微笑不知不覺 幸福的滋味我終於能體驗', '每一天 期待你的話在耳邊 碎碎念 嘴巴一直動卻不累 紅著臉 喘口氣速度沒有減 把你世界存在心裡面 每天 你一語一言 聽不厭倦 給我能源讓我想念 不在身邊 我會重複跟著一起 碎碎念 直到舌頭打結', '陽光閃過你的笑臉 那畫面已設定在手機桌面 錄下你的蜜語甜言 來電鈴聲播著你的碎碎念', '每一天 期待你的話在耳邊 碎碎念 嘴巴一直動卻不累 紅著臉 喘口氣速度沒有減 把你世界存在心裡面 每天 你一語一言 聽不厭倦 給我能源讓我想念 不在身邊 我會重複跟著一起 碎碎念 直到舌頭打結', '愛的發言權 看你表現 那種甜美 就是無解 有天會發現 我唱出你碎碎念 出現在 我的歌詞裡面', '每一天 期待你的話在耳邊 把你世界存在心裡面 每天 你一語一言 聽不厭倦 給我能源讓我想念 不在身邊 我會重複跟著一起 碎碎念 直到舌頭打結', '愛的發言權 看你表現 那種甜美 就是無解 有天會發現 我唱出你碎碎念 出現在 我的歌詞裡面']",敢不敢。你知道，我正在看著你，你知道，愛就發生在這一刻，你知道，我將會讓你，你必須，愛我的壞。愛的世界總在迎接許多意外，你那麼ㄍ一ㄥ，像在，拓荒的時代，迷了路的你，倔強的女孩。愛的治安其實沒有那麼的壞，你別在我自我介紹之前就說，你只是，還不習慣，我這樣示愛，敢不敢，和我，玩一場，單挑的，愛情決戰，就像刺激的，俄羅斯輪盤，別害怕，我的規則其實很簡單，就只有，你喜不喜歡，快選擇答案。敢不敢，到我的懷，敢不敢，讓你自己被，疼愛，敢不敢，愛不賴，就怕你不敢。愛的治安其實沒有那麼的壞，你別在我自我介紹之前就說，你只是，還不習慣，我這樣示愛，敢不敢，和我，玩一場，單挑的，愛情決戰，就像刺激的，俄羅斯輪盤，好奇嗎，我的規則其實很簡單，就只有，你喜不喜歡，快選擇答案。敢不敢，到我的懷，敢不敢，讓你自己被，疼愛，敢不敢，我們會，非常的愉快。愛了我們就要，不要被煩惱出賣，你敢不敢，賭注你的將來，把你的想法說出來，別隱瞞，你的期待。你敢不敢，愛我的壞，一種讓你快樂的壞，敢不敢，讓你自己，被疼愛，你值得被疼愛，敢不敢，我們會非常的非常的，愉快，敢不敢，到我的懷，敢不敢，讓你自己被，疼愛，你值得被疼愛，敢不敢，愛不賴，就怕你不敢，我們會非常的非常的，愉快。你敢不敢，戀愛。碎碎念。你說我衣服要穿一多點，吃東西的時候不可以狼吞虎嚥，我臉上掛著微笑不知不覺，幸福的滋味我終於能體驗。每一天，期待你的話在耳邊，碎碎念，嘴巴一直動卻不累，紅著臉，喘口氣速度沒有減，把你世界存在心裡面，每天，你一語一言，聽不厭倦，給我能源讓我想念，不在身邊，我會重複跟著一起，碎碎念，直到舌頭打結。陽光閃過你的笑臉，那畫面已設定在手機桌面，錄下你的蜜語甜言，來電鈴聲播著你的碎碎念。每一天，期待你的話在耳邊，碎碎念，嘴巴一直動卻不累，紅著臉，喘口氣速度沒有減，把你世界存在心裡面，每天，你一語一言，聽不厭倦，給我能源讓我想念，不在身邊，我會重複跟著一起，碎碎念，直到舌頭打結。愛的發言權，看你表現，那種甜美，就是無解，有天會發現，我唱出你碎碎念，出現在，我的歌詞裡面。每一天，期待你的話在耳邊，把你世界存在心裡面，每天，你一語一言，聽不厭倦，給我能源讓我想念，不在身邊，我會重複跟著一起，碎碎念，直到舌頭打結。愛的發言權，看你表現，那種甜美，就是無解，有天會發現，我唱出你碎碎念，出現在，我的歌詞裡面
小丑魚,"['我在你身邊游來游去 我不敢出聲 看著他親吻你 眼不能閉 看你的唇印還在那裡 你隔著玻璃所以聽不見 我在嘆息 說不出口的秘密 永遠活在小小的世界裡 僅存一點稀薄的氧氣 是否夠我繼續撐下去 這件脫不下來的外衣 還是你喜歡的橘 我不能確定 是否你曾經注意 我的眼淚流在透明的水裡', '再試著了解我的愛 發不出聲音的感慨 選擇作朋友的無奈      提醒我何時該走開 只要你偶爾想起來 我就住在那片海', '再試著了解我的愛 發不出聲音的感慨 選擇作朋友的無奈      提醒我何時該走開 只要你偶爾想起來 我就住在那片海', '那片海 眼看就要 讓我愈來愈遠 回不來 從此 你的不愉快 那麼遙遠 誰聽你埋怨 再說一遍 說一遍  我在你身邊 給你一點點愉快就 會心甘情願回到大海', '再試著了解我的愛 發不出聲音的感慨 選擇作朋友的無奈      提醒我何時該走開 只要你偶爾想起來 我就住在那片海 那片海']",我在你身邊游來游去，我不敢出聲，看著他親吻你，眼不能閉，看你的唇印還在那裡，你隔著玻璃所以聽不見，我在嘆息，說不出口的秘密，永遠活在小小的世界裡，僅存一點稀薄的氧氣，是否夠我繼續撐下去，這件脫不下來的外衣，還是你喜歡的橘，我不能確定，是否你曾經注意，我的眼淚流在透明的水裡。再試著了解我的愛，發不出聲音的感慨，選擇作朋友的無奈，提醒我何時該走開，只要你偶爾想起來，我就住在那片海。再試著了解我的愛，發不出聲音的感慨，選擇作朋友的無奈，提醒我何時該走開，只要你偶爾想起來，我就住在那片海。那片海，眼看就要，讓我愈來愈遠，回不來，從此，你的不愉快，那麼遙遠，誰聽你埋怨，再說一遍，說一遍，我在你身邊，給你一點點愉快就，會心甘情願回到大海。再試著了解我的愛，發不出聲音的感慨，選擇作朋友的無奈，提醒我何時該走開，只要你偶爾想起來，我就住在那片海，那片海
真命天子＋拉丁音樂,"['把手舉起來', '跟著愛搖擺          通通閃開 真命天子換你來 誰比你厲害 享受孤單不應該 這一次讓你拽 請你看著我的 唯一機會在 就等簡單那句 沒有什麼叫做 幸福靠你自己 膽小的人只好 你永遠在狀況外 這是老天給你的 為你點了一點 快來了解我的 為你壯膽等你 勇敢求愛  真命天子   就等你等你跟我說愛']",把手舉起來。跟著愛搖擺，通通閃開，真命天子換你來，誰比你厲害，享受孤單不應該，這一次讓你拽，請你看著我的，唯一機會在，就等簡單那句，沒有什麼叫做，幸福靠你自己，膽小的人只好，你永遠在狀況外，這是老天給你的，為你點了一點，快來了解我的，為你壯膽等你，勇敢求愛，真命天子，就等你等你跟我說愛
精舞門,"['預備起 行頭全部要帶齊 點名 準備 跟我上街去遊行  今天要證明 什麼舞通通都搞得定 跌爛你眼鏡 小老弟 年輕耍酷那一丁點本領 洗耳恭聽 快卯起來學習 大發善心 收徒弟 想要學習皮要繃緊 要跟我跟緊', '你行不行    別懷疑你自己的本領    我是冠軍', '我有一條特別了不起的神經 越跳越帶勁 無師自通任督二脈暢通無比 十八般武藝', '拎拎 聽說你想要報名 考慮 有沒有那根筋 我看一眼就搞定 凡事都要照規定 精舞門裡什麼都ㄍ一ㄥ 不浪得虛名 不能亂吃冰淇淋 矇眼睛 對待所有的敵人 都尊敬 大半夜上床戴耳機 節奏當催眠的聲音 作夢都不停', '你行不行    別懷疑你自己的本領    我是冠軍', '我有一條特別了不起的神經 越跳越帶勁 無師自通任督二脈暢通無比 十八般武藝', '你行不行    別懷疑你自己的本領    我是冠軍', '你行不行    別懷疑你自己的本領    誰是冠軍']",預備起，行頭全部要帶齊，點名，準備，跟我上街去遊行，今天要證明，什麼舞通通都搞得定，跌爛你眼鏡，小老弟，年輕耍酷那一丁點本領，洗耳恭聽，快卯起來學習，大發善心，收徒弟，想要學習皮要繃緊，要跟我跟緊。你行不行，別懷疑你自己的本領，我是冠軍。我有一條特別了不起的神經，越跳越帶勁，無師自通任督二脈暢通無比，十八般武藝。拎拎，聽說你想要報名，考慮，有沒有那根筋，我看一眼就搞定，凡事都要照規定，精舞門裡什麼都ㄍ一ㄥ，不浪得虛名，不能亂吃冰淇淋，矇眼睛，對待所有的敵人，都尊敬，大半夜上床戴耳機，節奏當催眠的聲音，作夢都不停。你行不行，別懷疑你自己的本領，我是冠軍。我有一條特別了不起的神經，越跳越帶勁，無師自通任督二脈暢通無比，十八般武藝。你行不行，別懷疑你自己的本領，我是冠軍。你行不行，別懷疑你自己的本領，誰是冠軍
PART 3 ＞ 親情 幾分,"['不管昨天 你對我說過了什麼 今天的我還是依然 依然沉默 兩個人生氣著 看著誰先捨不得 何必這樣 來試探我們的緣份', '不管昨天 我對你說過了什麼 今天的你還是依然 依然自我 問著要到什麼時候 才會覺得無法忍受 難道這樣 才證明愛得有多深', '所以愛有幾分 這是你不停的疑問 你的心裡對我有多認真 何必執著在我的部份 所以愛有幾分 這是你永遠的疑問 只有最後 一切才有定論', '所以愛有幾分 這是你不停的疑問 你的心裡對我有多認真 何必執著在我的部份 所以愛有幾分 這是你永遠的疑問 只有最後 一切才有定論', '沒有值不值得 當失去了有什麼好爭 就在轉身之後 我的不捨有多麼的真', '所以愛有幾分 這是你不停的疑問 你的心裡對我有多認真 何必執著在我的部份 所以愛有幾分 這是你永遠的疑問 只有最後 一切才有定論 只有最後 一切才有定論']",不管昨天，你對我說過了什麼，今天的我還是依然，依然沉默，兩個人生氣著，看著誰先捨不得，何必這樣，來試探我們的緣份。不管昨天，我對你說過了什麼，今天的你還是依然，依然自我，問著要到什麼時候，才會覺得無法忍受，難道這樣，才證明愛得有多深。所以愛有幾分，這是你不停的疑問，你的心裡對我有多認真，何必執著在我的部份，所以愛有幾分，這是你永遠的疑問，只有最後，一切才有定論。所以愛有幾分，這是你不停的疑問，你的心裡對我有多認真，何必執著在我的部份，所以愛有幾分，這是你永遠的疑問，只有最後，一切才有定論。沒有值不值得，當失去了有什麼好爭，就在轉身之後，我的不捨有多麼的真。所以愛有幾分，這是你不停的疑問，你的心裡對我有多認真，何必執著在我的部份，所以愛有幾分，這是你永遠的疑問，只有最後，一切才有定論，只有最後，一切才有定論
灰色空間,['夢見發著光的草原 一身傷回到很久以前 我選擇不恨 帶著平靜走遠 醒來後 夜還是長夜 灰色空間 我是誰 記不得幸福是什麼滋味 無路可退 妳是誰 怎麼為我流淚 緊抱著我流淚'],夢見發著光的草原，一身傷回到很久以前，我選擇不恨，帶著平靜走遠，醒來後，夜還是長夜，灰色空間，我是誰，記不得幸福是什麼滋味，無路可退，妳是誰，怎麼為我流淚，緊抱著我流淚
自我催眠,"['人群裡面那個我 把幸福遺落 那曾經走過的路口 我停了你卻走 我想捂住我的耳朵 聽不見你說 愛就在此刻 鬆手分手放手 我猜不透 不猜透 和你背對背的走 原來怪我沒有 沒有愛情的天份 你才要走 我想要學會自我催眠 痛覺會少一些 潛意識作祟 想著想到失眠 我躺在沒有你的房間 寂寞更加明顯 我漸漸的自我催眠 卻回不到從前', '我想要學會自我催眠 聰明再多一些 潛意識作祟 想著想到失眠 我走在沒有你的世界 卻走不到永遠 我漸漸的自我催眠 慢慢閉上雙眼']",人群裡面那個我，把幸福遺落，那曾經走過的路口，我停了你卻走，我想捂住我的耳朵，聽不見你說，愛就在此刻，鬆手分手放手，我猜不透，不猜透，和你背對背的走，原來怪我沒有，沒有愛情的天份，你才要走，我想要學會自我催眠，痛覺會少一些，潛意識作祟，想著想到失眠，我躺在沒有你的房間，寂寞更加明顯，我漸漸的自我催眠，卻回不到從前。我想要學會自我催眠，聰明再多一些，潛意識作祟，想著想到失眠，我走在沒有你的世界，卻走不到永遠，我漸漸的自我催眠，慢慢閉上雙眼
一支獨秀,"['愛 愛愛愛 準備大顯身手      戰鬥 愛 愛愛愛 看我一支獨秀 愛 愛愛愛', '我掙脫 緊箍咒 踩上好漢坡 避風頭 偷練功 就等這一刻 讓喉嚨 吼一吼 衝破你耳膜 此刻你聽到節奏是我的脈搏', '這世界冷颼颼 單調的像碗粥 勝者為王敗為寇 想熬出頭混不得 閉上眼 握拳頭 機會你要掌握 我不再做某某某 要你記住我', '求菩薩 拜碼頭 就等這一刻 血液裡 燃燒著 像洪水猛獸 你是否 也感受 胸口那把火 歡迎跟我切磋切磋 或幫我加油', '招式看來簡陋 卻能拳拳到肉 真功夫當作獻醜 談笑之間別苗頭 風一般的動作 肯定獨步宇宙 我有把握 跟著我 能獨佔鰲頭', 'ｘ']",愛，愛愛愛，準備大顯身手，戰鬥，愛，愛愛愛，看我一支獨秀，愛，愛愛愛。我掙脫，緊箍咒，踩上好漢坡，避風頭，偷練功，就等這一刻，讓喉嚨，吼一吼，衝破你耳膜，此刻你聽到節奏是我的脈搏。這世界冷颼颼，單調的像碗粥，勝者為王敗為寇，想熬出頭混不得，閉上眼，握拳頭，機會你要掌握，我不再做某某某，要你記住我。求菩薩，拜碼頭，就等這一刻，血液裡，燃燒著，像洪水猛獸，你是否，也感受，胸口那把火，歡迎跟我切磋切磋，或幫我加油。招式看來簡陋，卻能拳拳到肉，真功夫當作獻醜，談笑之間別苗頭，風一般的動作，肯定獨步宇宙，我有把握，跟著我，能獨佔鰲頭。ｘ
當我們宅一塊,"['愛過來 當我們宅一塊 就算沒有豪宅 屋屋屋屋 滿滿愛 親過來 讓我們宅一塊 跟你窩著棉被浪漫過冬 幸福的宅', '無時無刻對幸福的期待 就是你無理取鬧的可愛姿態吼 每天我的心臟都快跳出來撲通 不知你有沒有感受我的眼神煞到愛', '完美型男遇上可愛宅女就被打敗 搞不懂你還教會狗狗連拍喀嚓 你說你的生活拒絕無賴跟耍賴 只想找個真愛 真愛', '如果你期待愛 生活愉快跟我幸福百分百 我也可以很宅 就為了愛 你別大驚小怪 快把愛說出來', '憂鬱拿去貼牆壁 把我的愛放在你心底 跟我愛一起 跟我宅一起 每一天都', '到底不   跟我說一聲 給你秀秀 不要扭扭捏捏 給你秀秀 害羞拿去消滅', '愛是不   趕快說一聲 型男型女要一起   宅男宅女為愛一起']",愛過來，當我們宅一塊，就算沒有豪宅，屋屋屋屋，滿滿愛，親過來，讓我們宅一塊，跟你窩著棉被浪漫過冬，幸福的宅。無時無刻對幸福的期待，就是你無理取鬧的可愛姿態吼，每天我的心臟都快跳出來撲通，不知你有沒有感受我的眼神煞到愛。完美型男遇上可愛宅女就被打敗，搞不懂你還教會狗狗連拍喀嚓，你說你的生活拒絕無賴跟耍賴，只想找個真愛，真愛。如果你期待愛，生活愉快跟我幸福百分百，我也可以很宅，就為了愛，你別大驚小怪，快把愛說出來。憂鬱拿去貼牆壁，把我的愛放在你心底，跟我愛一起，跟我宅一起，每一天都。到底不，跟我說一聲，給你秀秀，不要扭扭捏捏，給你秀秀，害羞拿去消滅。愛是不，趕快說一聲，型男型女要一起，宅男宅女為愛一起
我不會唱歌,"['這首為你點播的歌 如果我先哭了怎麼唱到最後 是的感情不是歌 音階一字不漏不見得感動', '我也懂拿的手不能顫抖 曾握著就能感受你比我難過 誰寫的歌詞那麼適合放手 我怎能捨不得', '我努力唱完主歌我忘了走音沒有 我到底哭什麼哭什麼明明搞笑的 我努力唱好朋友我忘了是誰哭了 就算你不記得這首歌唱完的是我', '我也懂拿的手不能顫抖 曾握著就能感受你比我難過 誰寫的歌詞那麼適合放手 我怎能捨不得', '我努力唱完主歌我忘了走音沒有 我到底哭什麼哭什麼明明搞笑的 我努力唱好朋友我忘了是誰哭了 就算你不記得這首歌唱完的是我', '我努力唱完這歌我忘了破音沒有 你心裡觸動的 下一首已經不是我 我努力唱到嘶吼我不怕剩我一個 只要你能記得這首歌給我最愛的']",這首為你點播的歌，如果我先哭了怎麼唱到最後，是的感情不是歌，音階一字不漏不見得感動。我也懂拿的手不能顫抖，曾握著就能感受你比我難過，誰寫的歌詞那麼適合放手，我怎能捨不得。我努力唱完主歌我忘了走音沒有，我到底哭什麼哭什麼明明搞笑的，我努力唱好朋友我忘了是誰哭了，就算你不記得這首歌唱完的是我。我也懂拿的手不能顫抖，曾握著就能感受你比我難過，誰寫的歌詞那麼適合放手，我怎能捨不得。我努力唱完主歌我忘了走音沒有，我到底哭什麼哭什麼明明搞笑的，我努力唱好朋友我忘了是誰哭了，就算你不記得這首歌唱完的是我。我努力唱完這歌我忘了破音沒有，你心裡觸動的，下一首已經不是我，我努力唱到嘶吼我不怕剩我一個，只要你能記得這首歌給我最愛的
敗給你,"['一走進電梯 就要儀容整理 實在跟我有得比 達人我一遇上妳 卻那麼情不自禁 甘願被妳蹂躪', '妳什麼時候 要回去妳們火星 我越來越介意 做夢也夢到妳 就像是我的天敵 是不是', '敗給妳 說話的眼睛 敗給妳 微笑的魔力 不知不覺 想每天跟妳在一起', '敗給妳 少一根神經 愛上妳 這是我的命 我們世界 連鬥嘴都有默契', '敗給妳 少一根神經 愛上妳 這是我的命 我們世界 連鬥嘴都有默契', '真的敗給妳了']",一走進電梯，就要儀容整理，實在跟我有得比，達人我一遇上妳，卻那麼情不自禁，甘願被妳蹂躪。妳什麼時候，要回去妳們火星，我越來越介意，做夢也夢到妳，就像是我的天敵，是不是。敗給妳，說話的眼睛，敗給妳，微笑的魔力，不知不覺，想每天跟妳在一起。敗給妳，少一根神經，愛上妳，這是我的命，我們世界，連鬥嘴都有默契。敗給妳，少一根神經，愛上妳，這是我的命，我們世界，連鬥嘴都有默契。真的敗給妳了
愛情三「不」曲,"['三不曲的惡夢 我不要  愛情難以捉摸 個性乾淨利落 不囉唆  只想愛你更多', '其實我沒什麼要求只是把我死穴先說 給點笑容 你也可以對我要求大男人的三不原則 全部都列給我']",三不曲的惡夢，我不要，愛情難以捉摸，個性乾淨利落，不囉唆，只想愛你更多。其實我沒什麼要求只是把我死穴先說，給點笑容，你也可以對我要求大男人的三不原則，全部都列給我
做得到,"['試著讓身邊很吵鬧 好好想念妳的懷抱 某一秒 我竟微笑 體會妳揚起的嘴角 悲傷的呼喚', '也許在跟自己比較 讓妳哭過是我不好 太自責話都變少 然而妳還是最美好 要讓妳知道', '做得到 不管相愛總會有一些低潮 我愛妳 就應該對妳越來越好 現在只想忽然把妳抱得高高 看著妳笑我也笑 別自尋煩惱', '做得到 妳說再苦也要跟我直到老 我說的 每一個承諾會說到做到 感謝妳堅強勇敢 讓我很驕傲 妳所想要的愛 我能做得到', '做得到 不管相愛總會有一些低潮 我愛妳 就應該對妳越來越好 現在只想忽然把妳抱得高高 看著妳笑我也笑 別自尋煩惱', '做得到 妳說再苦也要跟我直到老 我說的 每一個承諾會說到做到 感謝妳堅強勇敢 讓我很驕傲 妳所想要的愛 我能做得到', '原諒我內心交戰 讓妳好難過 我能給妳的愛 沒有做不到']",試著讓身邊很吵鬧，好好想念妳的懷抱，某一秒，我竟微笑，體會妳揚起的嘴角，悲傷的呼喚。也許在跟自己比較，讓妳哭過是我不好，太自責話都變少，然而妳還是最美好，要讓妳知道。做得到，不管相愛總會有一些低潮，我愛妳，就應該對妳越來越好，現在只想忽然把妳抱得高高，看著妳笑我也笑，別自尋煩惱。做得到，妳說再苦也要跟我直到老，我說的，每一個承諾會說到做到，感謝妳堅強勇敢，讓我很驕傲，妳所想要的愛，我能做得到。做得到，不管相愛總會有一些低潮，我愛妳，就應該對妳越來越好，現在只想忽然把妳抱得高高，看著妳笑我也笑，別自尋煩惱。做得到，妳說再苦也要跟我直到老，我說的，每一個承諾會說到做到，感謝妳堅強勇敢，讓我很驕傲，妳所想要的愛，我能做得到。原諒我內心交戰，讓妳好難過，我能給妳的愛，沒有做不到
精舞門,"['預備起 行頭全部要帶齊 點名 準備 跟我上街去遊行  今天要證明 什麼舞通通都搞得定 跌爛你眼鏡 小老弟 年輕耍酷那一丁點本領 洗耳恭聽 快卯起來學習 大發善心 收徒弟 想要學習皮要繃緊 要跟我跟緊', '你行不行    別懷疑你自己的本領    我是冠軍', '我有一條特別了不起的神經 越跳越帶勁 無師自通任督二脈暢通無比 十八般武藝', '拎拎 聽說你想要報名 考慮 有沒有那根筋 我看一眼就搞定 凡事都要照規定 精舞門裡什麼都ㄍ一ㄥ 不浪得虛名 不能亂吃冰淇淋 矇眼睛 對待所有的敵人 都尊敬 大半夜上床戴耳機 節奏當催眠的聲音 作夢都不停', '你行不行    別懷疑你自己的本領    我是冠軍', '我有一條特別了不起的神經 越跳越帶勁 無師自通任督二脈暢通無比 十八般武藝', '你行不行    別懷疑你自己的本領    我是冠軍', '你行不行    別懷疑你自己的本領    誰是冠軍']",預備起，行頭全部要帶齊，點名，準備，跟我上街去遊行，今天要證明，什麼舞通通都搞得定，跌爛你眼鏡，小老弟，年輕耍酷那一丁點本領，洗耳恭聽，快卯起來學習，大發善心，收徒弟，想要學習皮要繃緊，要跟我跟緊。你行不行，別懷疑你自己的本領，我是冠軍。我有一條特別了不起的神經，越跳越帶勁，無師自通任督二脈暢通無比，十八般武藝。拎拎，聽說你想要報名，考慮，有沒有那根筋，我看一眼就搞定，凡事都要照規定，精舞門裡什麼都ㄍ一ㄥ，不浪得虛名，不能亂吃冰淇淋，矇眼睛，對待所有的敵人，都尊敬，大半夜上床戴耳機，節奏當催眠的聲音，作夢都不停。你行不行，別懷疑你自己的本領，我是冠軍。我有一條特別了不起的神經，越跳越帶勁，無師自通任督二脈暢通無比，十八般武藝。你行不行，別懷疑你自己的本領，我是冠軍。你行不行，別懷疑你自己的本領，誰是冠軍
嗆司嗆司,"['請多指教美女五十億人難得遇見了我你運氣還不錯 專情我也不是故意想要推薦自己放眼沒人能比 遠遠就看穿你不溫馴卻有一種魅力 我不是痞只是很有本事有個性能讓你動心', '別懷疑我們的頻率現在最靠近 想愛我的數不清我想愛的是你不是   而已  看仔細裝深情假體貼多得是蒼蠅 我沒有那種等級讓你滿意不是   而已', '別懷疑我們的頻率現在就拉近 我的頭彩就是你愛是高額獎金不是   而已  想約你牽狗狗逛河濱吃碗芒果冰 我只有這點本領逗你開心不是   而已', '有信心就要感動你直到痛哭流涕現在就打開最強電力']",請多指教美女五十億人難得遇見了我你運氣還不錯，專情我也不是故意想要推薦自己放眼沒人能比，遠遠就看穿你不溫馴卻有一種魅力，我不是痞只是很有本事有個性能讓你動心。別懷疑我們的頻率現在最靠近，想愛我的數不清我想愛的是你不是，而已，看仔細裝深情假體貼多得是蒼蠅，我沒有那種等級讓你滿意不是，而已。別懷疑我們的頻率現在就拉近，我的頭彩就是你愛是高額獎金不是，而已，想約你牽狗狗逛河濱吃碗芒果冰，我只有這點本領逗你開心不是，而已。有信心就要感動你直到痛哭流涕現在就打開最強電力
幸福獵人,"['寶貝你就像迷人的蜂蜜也許我想這樣吃掉你  不要逃開不要覺得我帥一定認為我就很壞', '我是真真真喜歡你你是超辣甜心觸動反射神經追你 我是真真真喜歡你不要眼神飄移假裝你不在意', '秀出獵人電流給你快樂我最拿手    不想欲擒故縱幸福紅心直接命中', '我是真真真喜歡你我想把你吃定拿出獵愛本領追你 我是真真真喜歡你雷達把愛鎖定發射幸福愛你', '秀出獵人電流戀愛達人不是說說    好朋友男朋友不管別人想怎麼說']",寶貝你就像迷人的蜂蜜也許我想這樣吃掉你，不要逃開不要覺得我帥一定認為我就很壞。我是真真真喜歡你你是超辣甜心觸動反射神經追你，我是真真真喜歡你不要眼神飄移假裝你不在意。秀出獵人電流給你快樂我最拿手，不想欲擒故縱幸福紅心直接命中。我是真真真喜歡你我想把你吃定拿出獵愛本領追你，我是真真真喜歡你雷達把愛鎖定發射幸福愛你。秀出獵人電流戀愛達人不是說說，好朋友男朋友不管別人想怎麼說
黑眼圈,"['又是半杯的冷咖啡沒有你在我身邊曖昧只好糖再多加一點 浴室的熱水再多一些鏡子裡看見你的笑臉想自然一點黑了眼圈 頻道不知轉了有多少遍快樂甜蜜爭吵無知畫面 不管日式韓流都在消遣你離開我的堅決', '又是半杯的冷咖啡床單的縐褶都看不見我的曖昧少了一點 浴室拖鞋牙刷洗臉鏡子裡看見你的笑臉想自然一點黑了眼圈 頻道不知轉了有多少遍快樂甜蜜爭吵無知畫面 不管日式韓流都在消遣你離開我的堅決', '我想愛你用我黑眼圈愛你我從不會遮掩']",又是半杯的冷咖啡沒有你在我身邊曖昧只好糖再多加一點，浴室的熱水再多一些鏡子裡看見你的笑臉想自然一點黑了眼圈，頻道不知轉了有多少遍快樂甜蜜爭吵無知畫面，不管日式韓流都在消遣你離開我的堅決。又是半杯的冷咖啡床單的縐褶都看不見我的曖昧少了一點，浴室拖鞋牙刷洗臉鏡子裡看見你的笑臉想自然一點黑了眼圈，頻道不知轉了有多少遍快樂甜蜜爭吵無知畫面，不管日式韓流都在消遣你離開我的堅決。我想愛你用我黑眼圈愛你我從不會遮掩
戀愛達人,[':戀愛達人的終點就是追到你沒有規則這遊戲永遠繼續 不用躲避因為沒有輸贏'],:戀愛達人的終點就是追到你沒有規則這遊戲永遠繼續，不用躲避因為沒有輸贏
狐狸精,"['男: 又怎麼了我的大小姐不必諂媚 我不過是去喝杯咖啡鬼話連篇 電話不接還擺張臭臉看你表現 你不要又來藉題發揮', '女: 狐狸精她太不要臉陰魂不散真的討厭會嗎 走在路上不管是誰她都一樣亂拋媚眼怎樣 我的警告這是最後一遍如果你要分手我也隨便 你最好快認錯快道歉不要再裝可憐', '男: 不要再拿分手當威脅誰又怕誰 整天把狐狸精掛嘴邊是她犯賤 反省一下是你小心眼你不要臉 還是嫉妒她比你更美', ':因為你每次都愛大驚小怪自己亂想亂掰懷疑我的清白 是你不知好歹', '女: 她以為她自己很美男人看了都會為她心碎有嗎 我是越看越不順眼你到底要站在誰那一邊中間 我的警告這是最後一遍如果你還一樣不知檢點 跟那隻狐狸精閃一邊離開我的視線', '男: 實在會氣到七竅生煙算你倒楣 只想要直接給你一拳你想的美 丟到外太空去吃大便你豬八戒 眼不見為淨比較乾脆', '女: 狐狸精狐狸精狐狸精真是討厭狐狸精狐狸精狐狸精快滾一邊 狐狸精狐狸精我就是看不順眼狐狸精狐狸精狐狸精我最討厭']",男:，又怎麼了我的大小姐不必諂媚，我不過是去喝杯咖啡鬼話連篇，電話不接還擺張臭臉看你表現，你不要又來藉題發揮。女:，狐狸精她太不要臉陰魂不散真的討厭會嗎，走在路上不管是誰她都一樣亂拋媚眼怎樣，我的警告這是最後一遍如果你要分手我也隨便，你最好快認錯快道歉不要再裝可憐。男:，不要再拿分手當威脅誰又怕誰，整天把狐狸精掛嘴邊是她犯賤，反省一下是你小心眼你不要臉，還是嫉妒她比你更美。:因為你每次都愛大驚小怪自己亂想亂掰懷疑我的清白，是你不知好歹。女:，她以為她自己很美男人看了都會為她心碎有嗎，我是越看越不順眼你到底要站在誰那一邊中間，我的警告這是最後一遍如果你還一樣不知檢點，跟那隻狐狸精閃一邊離開我的視線。男:，實在會氣到七竅生煙算你倒楣，只想要直接給你一拳你想的美，丟到外太空去吃大便你豬八戒，眼不見為淨比較乾脆。女:，狐狸精狐狸精狐狸精真是討厭狐狸精狐狸精狐狸精快滾一邊，狐狸精狐狸精我就是看不順眼狐狸精狐狸精狐狸精我最討厭
力量,"['想念長了翅膀他跟著我流浪 獨自背著行囊看著人來人往 躺在陌生的床眼睛沒辦法閤上 想了這些年過了一關又一關 也許我太逞強但是我無時無刻都在想你的臂彎', '給我力量陪我闖蕩也許我來不及講 你給的愛放在心上陪伴著每個夜晚 時光匆忙不曾遺忘有天可以回頭看 那些時光你在身旁忘記了悲傷']",想念長了翅膀他跟著我流浪，獨自背著行囊看著人來人往，躺在陌生的床眼睛沒辦法閤上，想了這些年過了一關又一關，也許我太逞強但是我無時無刻都在想你的臂彎。給我力量陪我闖蕩也許我來不及講，你給的愛放在心上陪伴著每個夜晚，時光匆忙不曾遺忘有天可以回頭看，那些時光你在身旁忘記了悲傷
自我催眠,"['人群裡面那個我把幸福遺落那曾經走過的路口我停了你卻走 我想摀住我的耳朵聽不見你說愛就在此刻鬆手分手放手 我猜不透不猜透和你背對背的走原來怪我沒有沒有愛情的天分你才要走', '等著紅燈那個我還會向前走也許那幸福的執著在下一個路口 專屬鈴聲我還留著卻靜靜沉默在我們之間愛了放了散了 我會不說不想說怕說了也沒有用現在我的幽默只是掩飾著心痛我的難過', '我想要學會自我催眠聰明再多一些潛意識作祟想著想到失眠 我走在沒有你的世界卻走不到永遠我漸漸的自我催眠慢慢閉上雙眼']",人群裡面那個我把幸福遺落那曾經走過的路口我停了你卻走，我想摀住我的耳朵聽不見你說愛就在此刻鬆手分手放手，我猜不透不猜透和你背對背的走原來怪我沒有沒有愛情的天分你才要走。等著紅燈那個我還會向前走也許那幸福的執著在下一個路口，專屬鈴聲我還留著卻靜靜沉默在我們之間愛了放了散了，我會不說不想說怕說了也沒有用現在我的幽默只是掩飾著心痛我的難過。我想要學會自我催眠聰明再多一些潛意識作祟想著想到失眠，我走在沒有你的世界卻走不到永遠我漸漸的自我催眠慢慢閉上雙眼
Bet On It必殺技,"['好多眼睛鎖住你的神經 心跳衝擊 壓過所有聲音 前一秒很多難題還在模擬 一瞬間你已經無法逃避', '雙腳失去地心引力    眼前的風景充滿危機    求天天不應 只剩下自己 是否逼到絕境 是否使出全力', '你要相信自己 沒有奇蹟 就會一鼓作氣 絕不放棄 暗藏的必殺技 會再甦醒             拼到底', '我不會怪你 偷偷舉過白旗 偽裝這戰役從沒有出席 別忘天生我才必有潛力 掏出你潛在的必殺技', '回頭不見落跑的路    每個人都說千萬別輸    成或敗只有這一注 是否碰上絕路 你是否全力以赴']",好多眼睛鎖住你的神經，心跳衝擊，壓過所有聲音，前一秒很多難題還在模擬，一瞬間你已經無法逃避。雙腳失去地心引力，眼前的風景充滿危機，求天天不應，只剩下自己，是否逼到絕境，是否使出全力。你要相信自己，沒有奇蹟，就會一鼓作氣，絕不放棄，暗藏的必殺技，會再甦醒，拼到底。我不會怪你，偷偷舉過白旗，偽裝這戰役從沒有出席，別忘天生我才必有潛力，掏出你潛在的必殺技。回頭不見落跑的路，每個人都說千萬別輸，成或敗只有這一注，是否碰上絕路，你是否全力以赴
精舞門,"['預備起 行頭全部要帶齊點名準備跟我上街去遊行 今天要證明什麼舞通通都搞的定跌爛你眼鏡', '小老弟 年輕耍酷那一丁點本領洗耳恭聽快卯起來學習 大發善心收徒弟想要學習皮要繃緊要跟我跟緊', '你行不行   別懷疑你自己的本領   我是冠軍', '鈴鈴 聽說你想要報名考慮有沒有那根筋我看一眼就搞定 凡是都要照規定精舞門裡什麼都ㄍ一ㄣ不浪得虛名 不能亂吃冰淇淋矇眼睛對待所有的敵人都尊敬 大半夜上床戴耳機節奏當催眠的聲音作夢都不停', '△', '誰是冠軍']",預備起，行頭全部要帶齊點名準備跟我上街去遊行，今天要證明什麼舞通通都搞的定跌爛你眼鏡。小老弟，年輕耍酷那一丁點本領洗耳恭聽快卯起來學習，大發善心收徒弟想要學習皮要繃緊要跟我跟緊。你行不行，別懷疑你自己的本領，我是冠軍。鈴鈴，聽說你想要報名考慮有沒有那根筋我看一眼就搞定，凡是都要照規定精舞門裡什麼都ㄍ一ㄣ不浪得虛名，不能亂吃冰淇淋矇眼睛對待所有的敵人都尊敬，大半夜上床戴耳機節奏當催眠的聲音作夢都不停。△。誰是冠軍
幸福獵人,"['寶貝你就像迷人的蜂蜜也許我想這樣吃掉你  不要逃開不要覺得我帥一定認為我就很壞', '我是真真真喜歡你你是超辣甜心觸動反射神經追你 我是真真真喜歡你不要眼神飄移假裝你不在意', '秀出獵人電流給你快樂我最拿手    不想欲擒故縱幸福紅心直接命中', '我是真真真喜歡你我想把你吃定拿出獵愛本領追你 我是真真真喜歡你雷達把愛鎖定發射幸福愛你', '秀出獵人電流戀愛達人不是說說    好朋友男朋友不管別人想怎麼說']",寶貝你就像迷人的蜂蜜也許我想這樣吃掉你，不要逃開不要覺得我帥一定認為我就很壞。我是真真真喜歡你你是超辣甜心觸動反射神經追你，我是真真真喜歡你不要眼神飄移假裝你不在意。秀出獵人電流給你快樂我最拿手，不想欲擒故縱幸福紅心直接命中。我是真真真喜歡你我想把你吃定拿出獵愛本領追你，我是真真真喜歡你雷達把愛鎖定發射幸福愛你。秀出獵人電流戀愛達人不是說說，好朋友男朋友不管別人想怎麼說
完美型男,"['我想做愛情中完美的型男對你好                 我想做最愛你的完美型男全世界學不來', '想給你最特別真愛        想給你最特別浪漫 我想做愛情中完美的型男對你好', '我想做最愛你的完美型男全世界學不來']",我想做愛情中完美的型男對你好，我想做最愛你的完美型男全世界學不來。想給你最特別真愛，想給你最特別浪漫，我想做愛情中完美的型男對你好。我想做最愛你的完美型男全世界學不來
好朋友(Ot：只要有你),"['像兩首節拍不同的歌卻又同時被愛情合奏旋律勉強著 愉快不能夠假裝快樂你心中有寬闊的天空但空氣好稀薄', '曾經以為等待會改變什麼你總會屬於我 但是最後時間證明了你只喜歡我 你說我比較像你的好朋友只是不小心擁抱著 你道歉你難過於是我給你笑容 誰在乎我的心還會不會寂寞', '你說我比較像你的好朋友只是不小心擁抱著 你道歉你難過於是我給你笑容 誰在乎我的心還會不會寂寞', '你說過我是你最好的朋友卻不應該再擁抱著 你退縮你冷漠於是我放開雙手 不在乎我的心會永遠的寂寞']",像兩首節拍不同的歌卻又同時被愛情合奏旋律勉強著，愉快不能夠假裝快樂你心中有寬闊的天空但空氣好稀薄。曾經以為等待會改變什麼你總會屬於我，但是最後時間證明了你只喜歡我，你說我比較像你的好朋友只是不小心擁抱著，你道歉你難過於是我給你笑容，誰在乎我的心還會不會寂寞。你說我比較像你的好朋友只是不小心擁抱著，你道歉你難過於是我給你笑容，誰在乎我的心還會不會寂寞。你說過我是你最好的朋友卻不應該再擁抱著，你退縮你冷漠於是我放開雙手，不在乎我的心會永遠的寂寞
幾分,"['不管昨天你對我說過了什麼今天的我還是依然依然沉默 兩個人生氣著看著誰先捨不得何必這樣來試探我們的緣份', '不管昨天我對你說過了什麼今天的你還是依然依然自我 問著要到什麼時候才會覺得無法忍受 難道這樣才證明愛得有多深', '沒有值不值得當失去了有什麼好爭 就在轉身之後我的不捨有多麼的真', '所以愛有幾分這是你不停的疑問 你的心裡對我有多認真何必執著在我的部份 所以愛有幾分這是你永遠的疑問只有最後一切才有定論 只有最後一切才有定論']",不管昨天你對我說過了什麼今天的我還是依然依然沉默，兩個人生氣著看著誰先捨不得何必這樣來試探我們的緣份。不管昨天我對你說過了什麼今天的你還是依然依然自我，問著要到什麼時候才會覺得無法忍受，難道這樣才證明愛得有多深。沒有值不值得當失去了有什麼好爭，就在轉身之後我的不捨有多麼的真。所以愛有幾分這是你不停的疑問，你的心裡對我有多認真何必執著在我的部份，所以愛有幾分這是你永遠的疑問只有最後一切才有定論，只有最後一切才有定論
Twinkle,['閃光 閃光 你沒有看見嗎          如果你作勝過你自己我便會讓你走       即使當你很孤單       即使當你很害怕        有這些孤單 你也會好好的        因為我們會引領你的路           趕快 閃光 抓起 拍你的手吧         打開你的心門迎接一個更好的明天         他們全都像你 電影明星        你不知道我們都是夢想家嗎           趕快 閃光 抓起拍 你的手吧          他們都像你 電影明星'],閃光，閃光，你沒有看見嗎，如果你作勝過你自己我便會讓你走，即使當你很孤單，即使當你很害怕，有這些孤單，你也會好好的，因為我們會引領你的路，趕快，閃光，抓起，拍你的手吧，打開你的心門迎接一個更好的明天，他們全都像你，電影明星，你不知道我們都是夢想家嗎，趕快，閃光，抓起拍，你的手吧，他們都像你，電影明星
精武門,"['預備起 行頭全部要帶齊 點名 準備 跟我上街去遊行  今天要證明 什麼舞通通都搞得定 跌爛你眼鏡 小老弟 年輕耍酷那一丁點本領 洗耳恭聽 快卯起來學習 大發善心 收徒弟 想要學習皮要繃緊 要跟我跟緊', '你行不行    別懷疑你自己的本領    我是冠軍', '我有一條特別了不起的神經 越跳越帶勁 無師自通任督二脈暢通無比 十八般武藝', '拎拎 聽說你想要報名 考慮 有沒有那根筋 我看一眼就搞定 凡事都要照規定 精舞門裡什麼都ㄍ一ㄥ 不浪得虛名 不能亂吃冰淇淋 矇眼睛 對待所有的敵人 都尊敬 大半夜上床戴耳機 節奏當催眠的聲音 作夢都不停', '你行不行    別懷疑你自己的本領    我是冠軍', '我有一條特別了不起的神經 越跳越帶勁 無師自通任督二脈暢通無比 十八般武藝', '你行不行    別懷疑你自己的本領    我是冠軍', '你行不行    別懷疑你自己的本領    誰是冠軍']",預備起，行頭全部要帶齊，點名，準備，跟我上街去遊行，今天要證明，什麼舞通通都搞得定，跌爛你眼鏡，小老弟，年輕耍酷那一丁點本領，洗耳恭聽，快卯起來學習，大發善心，收徒弟，想要學習皮要繃緊，要跟我跟緊。你行不行，別懷疑你自己的本領，我是冠軍。我有一條特別了不起的神經，越跳越帶勁，無師自通任督二脈暢通無比，十八般武藝。拎拎，聽說你想要報名，考慮，有沒有那根筋，我看一眼就搞定，凡事都要照規定，精舞門裡什麼都ㄍ一ㄥ，不浪得虛名，不能亂吃冰淇淋，矇眼睛，對待所有的敵人，都尊敬，大半夜上床戴耳機，節奏當催眠的聲音，作夢都不停。你行不行，別懷疑你自己的本領，我是冠軍。我有一條特別了不起的神經，越跳越帶勁，無師自通任督二脈暢通無比，十八般武藝。你行不行，別懷疑你自己的本領，我是冠軍。你行不行，別懷疑你自己的本領，誰是冠軍
幸福獵人,"['◎ 寶貝 你就像迷人的蜂蜜也許我想這樣吃掉你 我想佈下愛情陷阱等待時機等你靠近 不要逃開不要覺得我帥一定認為我就很壞  不要害怕不要覺得尷尬浪漫著每一夜 ◎', '秀出獵人電流 給你快樂我最拿手    不想欲擒故縱 幸福紅心直接命中    ◎△', '★秀出獵人電流 戀愛達人不是說說    好朋友男朋友 不管別人想怎麼說   ★ ★']",◎，寶貝，你就像迷人的蜂蜜也許我想這樣吃掉你，我想佈下愛情陷阱等待時機等你靠近，不要逃開不要覺得我帥一定認為我就很壞，不要害怕不要覺得尷尬浪漫著每一夜，◎。秀出獵人電流，給你快樂我最拿手，不想欲擒故縱，幸福紅心直接命中，◎△。★秀出獵人電流，戀愛達人不是說說，好朋友男朋友，不管別人想怎麼說，★，★
完美型男,"['我想做愛情中完美的型男對你好', '我想做最愛你的完美型男全世界學不來', '為了陪你我愛上溜狗週末不加班 不靠鬍渣肌肉配件項鍊討你心歡 你真的快樂是我唯一在乎的裝扮 有你的愛我就是完美的型男△ △']",我想做愛情中完美的型男對你好。我想做最愛你的完美型男全世界學不來。為了陪你我愛上溜狗週末不加班，不靠鬍渣肌肉配件項鍊討你心歡，你真的快樂是我唯一在乎的裝扮，有你的愛我就是完美的型男△，△
好朋友(Ot：只要有你),"['像兩首節拍不同的歌卻又同時被愛情合奏 旋律勉強著 愉快不能夠假裝快樂你心中有寬闊的天空 但空氣好稀薄', '△曾經以為等待會改變什麼你總會屬於我 但是最後時間證明了你只喜歡我△', '如果愛情是五線譜我曾希望用全音符 吟唱出愛上你那完整的幸福 但你的心沒有耳朵即使我為你唱著歌 你也只看見我哭了 △', '你說過我是你最好的朋友卻不應該再擁抱著 你退縮你冷漠於是我放開雙手 不在乎我的心會永遠的寂寞']",像兩首節拍不同的歌卻又同時被愛情合奏，旋律勉強著，愉快不能夠假裝快樂你心中有寬闊的天空，但空氣好稀薄。△曾經以為等待會改變什麼你總會屬於我，但是最後時間證明了你只喜歡我△。如果愛情是五線譜我曾希望用全音符，吟唱出愛上你那完整的幸福，但你的心沒有耳朵即使我為你唱著歌，你也只看見我哭了，△。你說過我是你最好的朋友卻不應該再擁抱著，你退縮你冷漠於是我放開雙手，不在乎我的心會永遠的寂寞
幾分,"['不管昨天你對我說過了什麼 今天的我還是依然依然沉默 兩個人生氣著看著誰先捨不得 何必這樣來試探我們的緣份', '△不管昨天我對你說過了什麼 今天的你還是依然依然自我 問著要到什麼時候才會覺得無法忍受 難道這樣才證明愛得有多深△', '沒有值不值得當失去了有什麼好爭 就在轉身之後我的不捨有多麼的真', '只有最後一切才有定論']",不管昨天你對我說過了什麼，今天的我還是依然依然沉默，兩個人生氣著看著誰先捨不得，何必這樣來試探我們的緣份。△不管昨天我對你說過了什麼，今天的你還是依然依然自我，問著要到什麼時候才會覺得無法忍受，難道這樣才證明愛得有多深△。沒有值不值得當失去了有什麼好爭，就在轉身之後我的不捨有多麼的真。只有最後一切才有定論
Twinkle(Feat.Kumi Koda),['閃光 閃光 你沒有看見嗎          如果你作勝過你自己我便會讓你走       即使當你很孤單       即使當你很害怕        有這些孤單 你也會好好的        因為我們會引領你的路           趕快 閃光 抓起 拍你的手吧         打開你的心門迎接一個更好的明天         他們全都像你 電影明星        你不知道我們都是夢想家嗎           趕快 閃光 抓起拍 你的手吧          他們都像你 電影明星'],閃光，閃光，你沒有看見嗎，如果你作勝過你自己我便會讓你走，即使當你很孤單，即使當你很害怕，有這些孤單，你也會好好的，因為我們會引領你的路，趕快，閃光，抓起，拍你的手吧，打開你的心門迎接一個更好的明天，他們全都像你，電影明星，你不知道我們都是夢想家嗎，趕快，閃光，抓起拍，你的手吧，他們都像你，電影明星
嗆司嗆司,"['請多指教 美女 五十億人 難得遇見了我 你運氣還不錯 專情 我也不是 故意想要 推薦自己 放眼 沒人能比 遠遠就看穿你 不溫馴 卻有一種魅力 我不是痞 只是很有本事 有個性 能讓你動心', '別懷疑 我們的頻率 現在最靠近 想愛我的數不清 我想愛的是你 不是  而已', '看仔細 裝深情 假體貼 多的是蒼蠅 我沒有那種等級 讓你滿意 不是  而已', '別懷疑 我們的頻率 現在就拉近 我的頭彩就是你 愛是高額獎金 不是  而已', '想約你 牽狗狗 逛河濱 吃碗芒果冰 我只有這點本領 逗你開心 不是  而已', '有信心就要感動你 直到痛哭流涕 現在就打開 最強 電力']",請多指教，美女，五十億人，難得遇見了我，你運氣還不錯，專情，我也不是，故意想要，推薦自己，放眼，沒人能比，遠遠就看穿你，不溫馴，卻有一種魅力，我不是痞，只是很有本事，有個性，能讓你動心。別懷疑，我們的頻率，現在最靠近，想愛我的數不清，我想愛的是你，不是，而已。看仔細，裝深情，假體貼，多的是蒼蠅，我沒有那種等級，讓你滿意，不是，而已。別懷疑，我們的頻率，現在就拉近，我的頭彩就是你，愛是高額獎金，不是，而已。想約你，牽狗狗，逛河濱，吃碗芒果冰，我只有這點本領，逗你開心，不是，而已。有信心就要感動你，直到痛哭流涕，現在就打開，最強，電力
猛男日記,"['喔我的媽我的媽我的肌肉長這麼大你來摸一摸 喔我的媽我的媽我的光頭理這麼光給你摸給你摸 昨天舉重似乎做的不夠怎麼今天內衣穿起來比較鬆 隔壁的阿婆以為我不懂跟我借醬油色瞇瞇偷看我 出門的時候同一條母狗一直聞我那強烈的荷爾蒙 自從我練就胸前的乳溝才懂女人的矛盾是為什麼 喔我的媽我的媽我的肌肉長這麼大你來摸一摸 喔我的媽我的媽我的光頭理這麼光給你摸給你摸', '我也有偉大的夢只是受不了寂寞忍不住賣弄 不要眼紅不然扁我誰說不會游泳不能到海邊吹風 自從我擁有光頭的回眸男人覺得凶女人覺得猛 總有一天我會超越巔峰飛到天空然後做些什麼 喔我的媽我的媽我的肌肉長這麼大你說大不大 喔我的媽我的媽我的光頭理這麼光光不光光不光', '一覺醒來發現我還是那個瘦皮猴虛胖的瘦皮猴想當孫悟空 它找很多藉口沒有時間運動只有時間做夢夢裡的它比較猛 回到現實生活感嘆許多不同不只那些肌肉也不只那粒光頭 可笑的浪漫少了自戀的小丑冷淡的街頭多了無能的英雄']",喔我的媽我的媽我的肌肉長這麼大你來摸一摸，喔我的媽我的媽我的光頭理這麼光給你摸給你摸，昨天舉重似乎做的不夠怎麼今天內衣穿起來比較鬆，隔壁的阿婆以為我不懂跟我借醬油色瞇瞇偷看我，出門的時候同一條母狗一直聞我那強烈的荷爾蒙，自從我練就胸前的乳溝才懂女人的矛盾是為什麼，喔我的媽我的媽我的肌肉長這麼大你來摸一摸，喔我的媽我的媽我的光頭理這麼光給你摸給你摸。我也有偉大的夢只是受不了寂寞忍不住賣弄，不要眼紅不然扁我誰說不會游泳不能到海邊吹風，自從我擁有光頭的回眸男人覺得凶女人覺得猛，總有一天我會超越巔峰飛到天空然後做些什麼，喔我的媽我的媽我的肌肉長這麼大你說大不大，喔我的媽我的媽我的光頭理這麼光光不光光不光。一覺醒來發現我還是那個瘦皮猴虛胖的瘦皮猴想當孫悟空，它找很多藉口沒有時間運動只有時間做夢夢裡的它比較猛，回到現實生活感嘆許多不同不只那些肌肉也不只那粒光頭，可笑的浪漫少了自戀的小丑冷淡的街頭多了無能的英雄
機器娃娃,"['我回到未來還沒星際大戰長生不老的仙丹一粒塊 死了可以耍賴除非你被撞爛趕快撿一塊皮還有復活六百 葬儀社都關起來沒有人會用棺材我已經四百零四歲還在跳地板 轉轉轉頭轉轉到頭斷來去復活六百復活一次六百塊 我又回到未來開始人滿為患規定活到五百歲一定要掰掰 要不然不能生小孩不能搶飯碗超過五百歲又不敢死的只能要飯 人犯抓去關有八次死刑可以判英雄偉人為國爭光還有免死金牌 我再回到未來死不死都無奈地球變成一個超級垃圾袋', '我們怎麼這麼有膽有沒有愛我們還想扮演上帝怎麼辦 我們怎麼這麼有膽有沒有愛我們繼續這樣演化怎麼辦 我愛上機器娃娃說明書上有用法我要把她帶回家啦啦啦啦啦啦 我愛上機器娃娃她頭上插螺旋槳我們要飛到天上啦啦啦啦啦啦', '女聲唱歌好乖啊再唱高一點娃娃好準備要來跳舞了哦來 擺擺臀你叫我擺擺臀可是我的腰身方方正正 你要我叫哥哥我乖乖叫哥哥我還會邊叫哥哥邊唱歌 不需要電池的我吃的是太陽能我的頭裝了一個紅綠燈 你要我收垃圾我不只會收垃圾我還會表演垃圾肚裡吞', '這一切的一切太荒謬我一天過一天這麼過 過一關又一關的電動我一步又一步被遙控', '我愛上機器娃娃我能愛機器娃娃那一天我的生活只剩一個視窗 我愛上機器娃娃我能愛機器娃娃我感到一陣冰涼她不會叫媽媽']",我回到未來還沒星際大戰長生不老的仙丹一粒塊，死了可以耍賴除非你被撞爛趕快撿一塊皮還有復活六百，葬儀社都關起來沒有人會用棺材我已經四百零四歲還在跳地板，轉轉轉頭轉轉到頭斷來去復活六百復活一次六百塊，我又回到未來開始人滿為患規定活到五百歲一定要掰掰，要不然不能生小孩不能搶飯碗超過五百歲又不敢死的只能要飯，人犯抓去關有八次死刑可以判英雄偉人為國爭光還有免死金牌，我再回到未來死不死都無奈地球變成一個超級垃圾袋。我們怎麼這麼有膽有沒有愛我們還想扮演上帝怎麼辦，我們怎麼這麼有膽有沒有愛我們繼續這樣演化怎麼辦，我愛上機器娃娃說明書上有用法我要把她帶回家啦啦啦啦啦啦，我愛上機器娃娃她頭上插螺旋槳我們要飛到天上啦啦啦啦啦啦。女聲唱歌好乖啊再唱高一點娃娃好準備要來跳舞了哦來，擺擺臀你叫我擺擺臀可是我的腰身方方正正，你要我叫哥哥我乖乖叫哥哥我還會邊叫哥哥邊唱歌，不需要電池的我吃的是太陽能我的頭裝了一個紅綠燈，你要我收垃圾我不只會收垃圾我還會表演垃圾肚裡吞。這一切的一切太荒謬我一天過一天這麼過，過一關又一關的電動我一步又一步被遙控。我愛上機器娃娃我能愛機器娃娃那一天我的生活只剩一個視窗，我愛上機器娃娃我能愛機器娃娃我感到一陣冰涼她不會叫媽媽
戀愛達人(& 小S),[':戀愛達人的終點就是追到你沒有規則這遊戲永遠繼續 不用躲避因為沒有輸贏'],:戀愛達人的終點就是追到你沒有規則這遊戲永遠繼續，不用躲避因為沒有輸贏
給你管,"['只要我出現美女就在身邊打轉羨慕的嫉妒的眼神來不及去算 別以為我會興奮到滿身都是汗沒有愛愈熱鬧心裡反而孤單 沒想到遇見你之後心就被打亂我想要故作堅強手腳不聽使喚 你的一個笑比飛彈發射還震撼第一次有一種棋逢對手的快感', '別說我太愛玩碰到你我變得簡單 以前的都不算我把心交給你保管', '我很難管你給我管都給你管你管不管 *', '吃飯要給你管睡覺要給你管走路要給你管說話要給你管 快樂要給你管悲傷要給你管都給你管你管不管']",只要我出現美女就在身邊打轉羨慕的嫉妒的眼神來不及去算，別以為我會興奮到滿身都是汗沒有愛愈熱鬧心裡反而孤單，沒想到遇見你之後心就被打亂我想要故作堅強手腳不聽使喚，你的一個笑比飛彈發射還震撼第一次有一種棋逢對手的快感。別說我太愛玩碰到你我變得簡單，以前的都不算我把心交給你保管。我很難管你給我管都給你管你管不管，*。吃飯要給你管睡覺要給你管走路要給你管說話要給你管，快樂要給你管悲傷要給你管都給你管你管不管
小丑魚,"['我在你身邊游來游去我不敢出聲看著他親吻你眼不能閉 看你的唇印還在那裡你隔著玻璃所以聽不見我在嘆息', '說不出口的秘密永遠活在小小的世界裡 僅存一點稀薄的氧氣是否夠我繼續撐下去 這件脫不下來的外衣還是你喜歡的橘 我不能確定是否你曾經注意我的眼淚留在透明的水裡', '★    再試著瞭解我的愛 發不出聲音的感慨選擇作朋友的無奈     提醒我何時該走開 只要你偶爾想起來我就住在那片海', '等我轉過身看妳眼神才知道自己想得太過天真傷得太深 愛來的時候劃破沉悶我早該知道妳終究不是我該愛的人', '★', '那片海眼看就要讓我愈來愈遠回不來 從此你的不愉快那麼遙遠誰聽你埋怨 再說一遍說一遍 我在你身邊給你一點點愉快就會心甘情願回到大海', '再試著瞭解我的愛 發不出聲音的感慨選擇作朋友的無奈     提醒我何時該走開 只要你偶爾想起來我就住在那片海那片海']",我在你身邊游來游去我不敢出聲看著他親吻你眼不能閉，看你的唇印還在那裡你隔著玻璃所以聽不見我在嘆息。說不出口的秘密永遠活在小小的世界裡，僅存一點稀薄的氧氣是否夠我繼續撐下去，這件脫不下來的外衣還是你喜歡的橘，我不能確定是否你曾經注意我的眼淚留在透明的水裡。★，再試著瞭解我的愛，發不出聲音的感慨選擇作朋友的無奈，提醒我何時該走開，只要你偶爾想起來我就住在那片海。等我轉過身看妳眼神才知道自己想得太過天真傷得太深，愛來的時候劃破沉悶我早該知道妳終究不是我該愛的人。★。那片海眼看就要讓我愈來愈遠回不來，從此你的不愉快那麼遙遠誰聽你埋怨，再說一遍說一遍，我在你身邊給你一點點愉快就會心甘情願回到大海。再試著瞭解我的愛，發不出聲音的感慨選擇作朋友的無奈，提醒我何時該走開，只要你偶爾想起來我就住在那片海那片海
咕嚕雞,"['咕嚕咕嚕叫咕嚕咕嚕叫咕嚕咕嚕叫咕嚕咕嚕叫 咕嚕咕嚕叫咕嚕咕嚕叫不要變成一隻雞好不好', '我家的屋頂住著一隻公雞一大早就啼不是叫人早起 雞眼睛瞇瞇臭屁的要命一直囉哩八唆炫耀毛之類的東西 自以為得意走路也要放屁我等著看你有天跩到抽筋 看不起別人也瞧瞧自己還真的是目中無人的雞', '你的舉動能不能不要太驕傲你的尾椎能不能不要翹太高 你的心眼能不能不要那麼小你的嘴巴能不能不要那麼吵', '△咕嚕咕嚕叫咕嚕咕嚕叫咕嚕咕嚕叫咕嚕咕嚕叫 咕嚕咕嚕叫咕嚕咕嚕叫我就快被搞到受不了 咕嚕咕嚕叫咕嚕咕嚕叫咕嚕咕嚕叫咕嚕咕嚕叫 咕嚕咕嚕叫咕嚕咕嚕叫你這隻永遠都不會飛的鳥', '△', '哼哼嘿嘿嗚嗚哼哼嘿嘿嗚嗚 哼哼嘿嘿嗚嗚哼哼嘿嘿嗚鳴', '愛假愛假別裝模作樣你有幾斤兩誰不知道 叫吧叫吧不要再囂張有一天拔毛我等著笑 愛假愛假別裝模作樣雞就是雞了你不要怕 叫吧叫吧不要再囂張有一天下鍋油會很燙', '咕嚕咕嚕叫咕嚕咕嚕叫咕嚕咕嚕叫咕嚕咕嚕叫 咕嚕咕嚕叫咕嚕咕嚕叫不要變成一隻雞好不好 咕嚕咕嚕叫咕嚕咕嚕叫咕嚕咕嚕叫咕嚕咕嚕叫 咕嚕咕嚕叫咕嚕咕嚕叫我不要變成一隻雞好不好']",咕嚕咕嚕叫咕嚕咕嚕叫咕嚕咕嚕叫咕嚕咕嚕叫，咕嚕咕嚕叫咕嚕咕嚕叫不要變成一隻雞好不好。我家的屋頂住著一隻公雞一大早就啼不是叫人早起，雞眼睛瞇瞇臭屁的要命一直囉哩八唆炫耀毛之類的東西，自以為得意走路也要放屁我等著看你有天跩到抽筋，看不起別人也瞧瞧自己還真的是目中無人的雞。你的舉動能不能不要太驕傲你的尾椎能不能不要翹太高，你的心眼能不能不要那麼小你的嘴巴能不能不要那麼吵。△咕嚕咕嚕叫咕嚕咕嚕叫咕嚕咕嚕叫咕嚕咕嚕叫，咕嚕咕嚕叫咕嚕咕嚕叫我就快被搞到受不了，咕嚕咕嚕叫咕嚕咕嚕叫咕嚕咕嚕叫咕嚕咕嚕叫，咕嚕咕嚕叫咕嚕咕嚕叫你這隻永遠都不會飛的鳥。△。哼哼嘿嘿嗚嗚哼哼嘿嘿嗚嗚，哼哼嘿嘿嗚嗚哼哼嘿嘿嗚鳴。愛假愛假別裝模作樣你有幾斤兩誰不知道，叫吧叫吧不要再囂張有一天拔毛我等著笑，愛假愛假別裝模作樣雞就是雞了你不要怕，叫吧叫吧不要再囂張有一天下鍋油會很燙。咕嚕咕嚕叫咕嚕咕嚕叫咕嚕咕嚕叫咕嚕咕嚕叫，咕嚕咕嚕叫咕嚕咕嚕叫不要變成一隻雞好不好，咕嚕咕嚕叫咕嚕咕嚕叫咕嚕咕嚕叫咕嚕咕嚕叫，咕嚕咕嚕叫咕嚕咕嚕叫我不要變成一隻雞好不好
瞎攪和,"['過火心情像一個白球飛上天去界外失蹤妳美麗打擊的太兇猛  不懂企鵝們都怎麼行走東倒西歪對妳跟蹤我已全年無休的狂熱', '怎麼生活變成大時鐘每天倒數等妳行蹤誰又會幸福比我還多 不懂流星飛過怎麼匆匆地心引力我不能動妳的眼睛誰忍心遠走']",過火心情像一個白球飛上天去界外失蹤妳美麗打擊的太兇猛，不懂企鵝們都怎麼行走東倒西歪對妳跟蹤我已全年無休的狂熱。怎麼生活變成大時鐘每天倒數等妳行蹤誰又會幸福比我還多，不懂流星飛過怎麼匆匆地心引力我不能動妳的眼睛誰忍心遠走
Show time,"['日文 インパラの手向かう  今夜の俺皆分かってない俺は台湾代表だってな 勝手な行動許さない間違えない俺のステ一ジ上  との          ここを ロッククロック みなもう始まるぞ    マイクロフォン   Χ 手挙げな ほら手挙げな けなげなヤツはもう どきな 確かな 幻覚 見る ブリン ブリン楽しい つまんない 楽しんだろう   Χこの時今まさに      上啊下啊跳啊  啊     你啊我啊坐鎮啊     上啊下啊跳啊  啊', '我的汗流有了幾斤我一直動一直動不停 跟著我一起深呼吸我要繼續直到沒氣 喔 耶 叮叮這個大鼓叮叮這個小鼓', '這是  懂嗎這個地方已經能算是我家 我的爸媽就已經比你強誰要跟我尬呀誰要跟我尬 這是  免驚別這麼瞎跟著我的拍子把頭點到變傻瓜 你的褲子是夠垮只要你不要皮皮ㄘㄨㄚˋ']",日文，インパラの手向かう，今夜の俺皆分かってない俺は台湾代表だってな，勝手な行動許さない間違えない俺のステ一ジ上，との，ここを，ロッククロック，みなもう始まるぞ，マイクロフォン，Χ，手挙げな，ほら手挙げな，けなげなヤツはもう，どきな，確かな，幻覚，見る，ブリン，ブリン楽しい，つまんない，楽しんだろう，Χこの時今まさに，上啊下啊跳啊，啊，你啊我啊坐鎮啊，上啊下啊跳啊，啊。我的汗流有了幾斤我一直動一直動不停，跟著我一起深呼吸我要繼續直到沒氣，喔，耶，叮叮這個大鼓叮叮這個小鼓。這是，懂嗎這個地方已經能算是我家，我的爸媽就已經比你強誰要跟我尬呀誰要跟我尬，這是，免驚別這麼瞎跟著我的拍子把頭點到變傻瓜，你的褲子是夠垮只要你不要皮皮ㄘㄨㄚˋ
漫無目的,"['我的眼睛完全沒有焦距我的鼻孔忘了怎麼呼吸 我的衣服忘了怎麼整理漫無目的想著你 我的肌肉萎縮去了哪裡我又語無倫次口齒不清 我的思考開始沒有邏輯漫無目的都是你', '#  我的頭殼在發燒   除了你還能吃什麼藥  你佔了我的基地    沒有你漫無目的', '原來愛情如此神奇癱瘓我的所有神經 只剩我的生理反應一直持續在進行', '我的頭殼在發燒   除了你還能吃什麼藥   你佔了我的基地    沒有你漫無目的', '#']",我的眼睛完全沒有焦距我的鼻孔忘了怎麼呼吸，我的衣服忘了怎麼整理漫無目的想著你，我的肌肉萎縮去了哪裡我又語無倫次口齒不清，我的思考開始沒有邏輯漫無目的都是你。#，我的頭殼在發燒，除了你還能吃什麼藥，你佔了我的基地，沒有你漫無目的。原來愛情如此神奇癱瘓我的所有神經，只剩我的生理反應一直持續在進行。我的頭殼在發燒，除了你還能吃什麼藥，你佔了我的基地，沒有你漫無目的。#
沒有妳,"['我把回憶關進房間眼前不斷浮現有你陪我所有畫面 朋友說我變的沉默變的有些難過鄰居都聽見了寂寞 也許時間給的太少沒有珍惜你的好 城市太喧鬧你沒有聽到我不該把手放掉', '沒有了你沒有愛情什麼都已經是空氣 這些沒有你的日子沒有了自己 沒有了你沒有力氣孤單香水卻來襲 我想念你身上氣味請給我相互擁抱的機會 愛情如果都是微笑那多美好天亮的太早 再偷一秒想你的笑想聽你吵才發現思念發酵耶', '沒有了你沒有愛情什麼都已經是空氣 這些沒有你的日子沒有了自己 沒有了你沒有力氣孤單香水卻來襲 我想念你身上氣味請給我相互擁抱的機會']",我把回憶關進房間眼前不斷浮現有你陪我所有畫面，朋友說我變的沉默變的有些難過鄰居都聽見了寂寞，也許時間給的太少沒有珍惜你的好，城市太喧鬧你沒有聽到我不該把手放掉。沒有了你沒有愛情什麼都已經是空氣，這些沒有你的日子沒有了自己，沒有了你沒有力氣孤單香水卻來襲，我想念你身上氣味請給我相互擁抱的機會，愛情如果都是微笑那多美好天亮的太早，再偷一秒想你的笑想聽你吵才發現思念發酵耶。沒有了你沒有愛情什麼都已經是空氣，這些沒有你的日子沒有了自己，沒有了你沒有力氣孤單香水卻來襲，我想念你身上氣味請給我相互擁抱的機會
敢不敢,"['你知道我正在看著你  你知道愛就發生在這一刻 你知道我將會讓你   你必須愛我的壞 愛的世界總在迎接許多意外你那麼ㄍ一ㄥ像在拓荒的時代 迷了路的你倔強的女孩', '愛的治安其實沒有那麼的壞你別在我自我介紹之前就說  你只是還不習慣我這樣示愛  敢不敢和我玩一場單挑的愛情決戰 就像刺激的俄羅斯輪盤 別害怕 我的規則其實很簡單就只有你喜不喜歡快選擇答案', '敢不敢到我的懷敢不敢讓你自己被疼愛 敢不敢     愛不賴就怕你不敢', '敢不敢到我的懷敢不敢讓你自己被疼愛 敢不敢     我們會非常的愉快', '愛了我們就要 不要被煩惱出賣你敢不敢賭注你的將來 把你的想法說出來別隱瞞你的期待', '你敢不敢愛我的壞 一種讓你快樂的壞 敢不敢讓你自己被疼愛 你值得被疼愛 敢不敢   我們會非常的非常的愉快 敢不敢到我的懷敢不敢讓你自己被疼愛 敢不敢     愛不賴就怕你不敢我們會非常的愉快', '你敢不敢戀愛']",你知道我正在看著你，你知道愛就發生在這一刻，你知道我將會讓你，你必須愛我的壞，愛的世界總在迎接許多意外你那麼ㄍ一ㄥ像在拓荒的時代，迷了路的你倔強的女孩。愛的治安其實沒有那麼的壞你別在我自我介紹之前就說，你只是還不習慣我這樣示愛，敢不敢和我玩一場單挑的愛情決戰，就像刺激的俄羅斯輪盤，別害怕，我的規則其實很簡單就只有你喜不喜歡快選擇答案。敢不敢到我的懷敢不敢讓你自己被疼愛，敢不敢，愛不賴就怕你不敢。敢不敢到我的懷敢不敢讓你自己被疼愛，敢不敢，我們會非常的愉快。愛了我們就要，不要被煩惱出賣你敢不敢賭注你的將來，把你的想法說出來別隱瞞你的期待。你敢不敢愛我的壞，一種讓你快樂的壞，敢不敢讓你自己被疼愛，你值得被疼愛，敢不敢，我們會非常的非常的愉快，敢不敢到我的懷敢不敢讓你自己被疼愛，敢不敢，愛不賴就怕你不敢我們會非常的愉快。你敢不敢戀愛
狐狸精,"['男: 又怎麼了我的大小姐不必諂媚 我不過是去喝杯咖啡鬼話連篇 電話不接還擺張臭臉看你表現 你不要又來藉題發揮', '女: 狐狸精她太不要臉陰魂不散真的討厭會嗎 走在路上不管是誰她都一樣亂拋媚眼怎樣 我的警告這是最後一遍如果你要分手我也隨便 你最好快認錯快道歉不要再裝可憐', '男: 不要再拿分手當威脅誰又怕誰 整天把狐狸精掛嘴邊是她犯賤 反省一下是你小心眼你不要臉 還是嫉妒她比你更美', ':因為你每次都愛大驚小怪自己亂想亂掰懷疑我的清白 是你不知好歹', '女: 她以為她自己很美男人看了都會為她心碎有嗎 我是越看越不順眼你到底要站在誰那一邊中間 我的警告這是最後一遍如果你還一樣不知檢點 跟那隻狐狸精閃一邊離開我的視線', '男: 實在會氣到七竅生煙算你倒楣 只想要直接給你一拳你想的美 丟到外太空去吃大便你豬八戒 眼不見為淨比較乾脆', '女: 狐狸精狐狸精狐狸精真是討厭狐狸精狐狸精狐狸精快滾一邊 狐狸精狐狸精我就是看不順眼狐狸精狐狸精狐狸精我最討厭']",男:，又怎麼了我的大小姐不必諂媚，我不過是去喝杯咖啡鬼話連篇，電話不接還擺張臭臉看你表現，你不要又來藉題發揮。女:，狐狸精她太不要臉陰魂不散真的討厭會嗎，走在路上不管是誰她都一樣亂拋媚眼怎樣，我的警告這是最後一遍如果你要分手我也隨便，你最好快認錯快道歉不要再裝可憐。男:，不要再拿分手當威脅誰又怕誰，整天把狐狸精掛嘴邊是她犯賤，反省一下是你小心眼你不要臉，還是嫉妒她比你更美。:因為你每次都愛大驚小怪自己亂想亂掰懷疑我的清白，是你不知好歹。女:，她以為她自己很美男人看了都會為她心碎有嗎，我是越看越不順眼你到底要站在誰那一邊中間，我的警告這是最後一遍如果你還一樣不知檢點，跟那隻狐狸精閃一邊離開我的視線。男:，實在會氣到七竅生煙算你倒楣，只想要直接給你一拳你想的美，丟到外太空去吃大便你豬八戒，眼不見為淨比較乾脆。女:，狐狸精狐狸精狐狸精真是討厭狐狸精狐狸精狐狸精快滾一邊，狐狸精狐狸精我就是看不順眼狐狸精狐狸精狐狸精我最討厭
你是誰,['我要帶你一起飛帶你跟我一起飛轉一圈 又一圈當神仙無時無刻都來嘴對嘴 我要告訴全世界我要給你全世界每一天 我的天太完美我的那個你是誰是誰'],我要帶你一起飛帶你跟我一起飛轉一圈，又一圈當神仙無時無刻都來嘴對嘴，我要告訴全世界我要給你全世界每一天，我的天太完美我的那個你是誰是誰
Only you ～Japanese Version～,"['僕が僕でなくなってもいい 二十四時間そばにいて で君のタイプの恋人を 演じわけてみせるよ', '細い足組み替えて 無意識に作る笑顔 お願いもう惑わせないで', '君に墜ちていく    すべて投げ出して    君に触れる度    溺れてく', '僕は君のものだから', 'ふいに黙って見つめないで どうして欲しいの僕に 無茶でもどんな望みも 今すぐに叶えてみせるから', '僕を見下ろして    すべて奪うなら    僕は魂も    差し出すよ', '傷ついてもかまわない', '例え世界中の誰もが 愚かな奴と噂しても', '君に墜ちていく    すべて投げ出して    君に触れる度    溺れてく', '僕は君のものだから', '就算我不像我也無所謂 只要小時陪伴在你身邊 努力扮演你最完美的情人 你美麗的雙腿 在交替之間 總讓我無意識地泛起了微笑 拜託不要再使我分神    要墜入你的情網    我願意付出我的一切    每當觸碰到你的瞬間    我就沉溺於你的世界                     我已經完全屬於你            你突然間沉默不語地凝視著我 為什麼你想要的是我呢 任性也好不管什麼樣的願望現在馬上 實現它讓你看到 你輕觸嘴唇 “秘密喔”露出犯罪般的笑容 完完全全被你操控   你不停打量著我    全部都要奪走的話    就算是我的靈魂    也會給你                     就算受傷也不在乎           寶貝 假使全世界當中有誰 評判我是個愚笨的奴隸', '要墜入你的情網    我願意付出我的一切    每當觸碰到你的瞬間    我就沉溺於你的世界                     我已經完全屬於你']",僕が僕でなくなってもいい，二十四時間そばにいて，で君のタイプの恋人を，演じわけてみせるよ。細い足組み替えて，無意識に作る笑顔，お願いもう惑わせないで。君に墜ちていく，すべて投げ出して，君に触れる度，溺れてく。僕は君のものだから。ふいに黙って見つめないで，どうして欲しいの僕に，無茶でもどんな望みも，今すぐに叶えてみせるから。僕を見下ろして，すべて奪うなら，僕は魂も，差し出すよ。傷ついてもかまわない。例え世界中の誰もが，愚かな奴と噂しても。君に墜ちていく，すべて投げ出して，君に触れる度，溺れてく。僕は君のものだから。就算我不像我也無所謂，只要小時陪伴在你身邊，努力扮演你最完美的情人，你美麗的雙腿，在交替之間，總讓我無意識地泛起了微笑，拜託不要再使我分神，要墜入你的情網，我願意付出我的一切，每當觸碰到你的瞬間，我就沉溺於你的世界，我已經完全屬於你，你突然間沉默不語地凝視著我，為什麼你想要的是我呢，任性也好不管什麼樣的願望現在馬上，實現它讓你看到，你輕觸嘴唇，“秘密喔”露出犯罪般的笑容，完完全全被你操控，你不停打量著我，全部都要奪走的話，就算是我的靈魂，也會給你，就算受傷也不在乎，寶貝，假使全世界當中有誰，評判我是個愚笨的奴隸。要墜入你的情網，我願意付出我的一切，每當觸碰到你的瞬間，我就沉溺於你的世界，我已經完全屬於你
